2026-07-17 09:21:09,912 [INFO] [VERIFY-JOINT] ========== Starting joint activity at Y2020-W01-activity-D1 ==========
2026-07-17 09:21:09,912 [INFO] [VERIFY-JOINT] ========== Starting joint activity at Y2020-W01-activity-D1 ==========
2026-07-17 09:21:09,912 [INFO] [VERIFY-JOINT] ========== Starting joint activity at Y2020-W01-activity-D1 ==========
2026-07-17 09:21:09,912 [INFO] [VERIFY-JOINT] ========== Starting joint activity at Y2020-W01-activity-D1 ==========
2026-07-17 09:21:09,912 [INFO] [VERIFY-JOINT] ========== Starting joint activity at Y2020-W01-activity-D1 ==========
2026-07-17 09:21:09,912 [INFO] [VERIFY-JOINT] ========== Starting joint activity at Y2020-W01-activity-D1 ==========
2026-07-17 09:21:09,912 [INFO] [VERIFY-JOINT] ========== Starting joint activity at Y2020-W01-activity-D1 ==========
2026-07-17 09:21:09,912 [INFO] [VERIFY-JOINT] ========== Starting joint activity at Y2020-W01-activity-D1 ==========
2026-07-17 09:21:09,913 [INFO] [VERIFY-JOINT] ========== Starting joint activity at Y2020-W01-activity-D1 ==========
2026-07-17 09:21:09,913 [INFO] [VERIFY-JOINT] ========== Starting joint activity at Y2020-W01-activity-D1 ==========
2026-07-17 09:21:09,913 [INFO] [VERIFY-JOINT] Activity: Encounter-刘世刚-孙静, Location: 食堂打饭窗口区
2026-07-17 09:21:09,913 [INFO] [VERIFY-JOINT] Activity: Encounter-刘世刚-孙静, Location: 食堂打饭窗口区
2026-07-17 09:21:09,913 [INFO] [VERIFY-JOINT] ========== Starting joint activity at Y2020-W01-activity-D1 ==========
2026-07-17 09:21:09,913 [INFO] [VERIFY-JOINT] ========== Starting joint activity at Y2020-W01-activity-D1 ==========
2026-07-17 09:21:09,913 [INFO] [VERIFY-JOINT] ========== Starting joint activity at Y2020-W01-activity-D1 ==========
2026-07-17 09:21:09,913 [INFO] [VERIFY-JOINT] ========== Starting joint activity at Y2020-W01-activity-D1 ==========
2026-07-17 09:21:09,913 [INFO] [VERIFY-JOINT] Activity: Encounter-周悠-白凪, Location: 心理咨询室
2026-07-17 09:21:09,913 [INFO] [VERIFY-JOINT] Activity: Encounter-周悠-白凪, Location: 心理咨询室
2026-07-17 09:21:09,913 [INFO] [VERIFY-JOINT] Activity: Encounter-刘凡-程汐, Location: 化学准备室
2026-07-17 09:21:09,913 [INFO] [VERIFY-JOINT] Activity: Encounter-吕谦-峰, Location: 体育馆器材室
2026-07-17 09:21:09,913 [INFO] [VERIFY-JOINT] Activity: Encounter-刘凡-程汐, Location: 化学准备室
2026-07-17 09:21:09,913 [INFO] [VERIFY-JOINT] Activity: Encounter-周知远-程遥, Location: 图书馆古籍修复角
2026-07-17 09:21:09,913 [INFO] [VERIFY-JOINT] Activity: Encounter-吕谦-峰, Location: 体育馆器材室
2026-07-17 09:21:09,913 [INFO] [VERIFY-JOINT] Participants: ['刘世刚', '孙静']
2026-07-17 09:21:09,913 [INFO] [VERIFY-JOINT] Activity: Encounter-周知远-程遥, Location: 图书馆古籍修复角
2026-07-17 09:21:09,913 [INFO] [VERIFY-JOINT] Activity: Encounter-宋慧平-林嘉禾, Location: 教师办公室(高二年级)
2026-07-17 09:21:09,913 [INFO] [VERIFY-JOINT] Participants: ['刘世刚', '孙静']
2026-07-17 09:21:09,914 [INFO] [VERIFY-JOINT] Activity: Encounter-沈敏-牛淑芬, Location: 医务室候诊区
2026-07-17 09:21:09,913 [INFO] [VERIFY-JOINT] Activity: Encounter-宋慧平-林嘉禾, Location: 教师办公室(高二年级)
2026-07-17 09:21:09,914 [INFO] [VERIFY-JOINT] Participants: ['周悠', '白凪']
2026-07-17 09:21:09,914 [INFO] [VERIFY-JOINT] Participants: ['刘凡', '程汐']
2026-07-17 09:21:09,914 [INFO] [VERIFY-JOINT] Activity: Encounter-沈敏-牛淑芬, Location: 医务室候诊区
2026-07-17 09:21:09,914 [INFO] [VERIFY-JOINT] Participants: ['吕谦', '峰']
2026-07-17 09:21:09,915 [INFO] [VERIFY-JOINT] Participants: ['周知远', '程遥']
2026-07-17 09:21:09,914 [INFO] [VERIFY-JOINT] Participants: ['刘凡', '程汐']
2026-07-17 09:21:09,915 [INFO] [VERIFY-JOINT] Proposer: None
2026-07-17 09:21:09,914 [INFO] [VERIFY-JOINT] Participants: ['周悠', '白凪']
2026-07-17 09:21:09,916 [INFO] [VERIFY-JOINT] Participants: ['宋慧平', '林嘉禾']
2026-07-17 09:21:09,916 [INFO] [VERIFY-JOINT] Participants: ['沈敏', '牛淑芬']
2026-07-17 09:21:09,914 [INFO] [VERIFY-JOINT] Participants: ['吕谦', '峰']
2026-07-17 09:21:09,916 [INFO] [VERIFY-JOINT] Proposer: None
2026-07-17 09:21:09,916 [INFO] [VERIFY-JOINT] Proposer: None
2026-07-17 09:21:09,916 [INFO] [VERIFY-JOINT] Proposer: None
2026-07-17 09:21:09,915 [INFO] [VERIFY-JOINT] Participants: ['周知远', '程遥']
2026-07-17 09:21:09,916 [INFO] [VERIFY-JOINT] Proposer: None
2026-07-17 09:21:09,915 [INFO] [VERIFY-JOINT] Proposer: None
2026-07-17 09:21:09,916 [INFO] [VERIFY-JOINT] Participants: ['宋慧平', '林嘉禾']
2026-07-17 09:21:09,917 [INFO] [VERIFY-JOINT] Proposer: None
2026-07-17 09:21:09,916 [INFO] [VERIFY-JOINT] Participants: ['沈敏', '牛淑芬']
2026-07-17 09:21:09,917 [INFO] [VERIFY-JOINT] Proposer: None
2026-07-17 09:21:09,916 [INFO] [VERIFY-JOINT] Proposer: None
2026-07-17 09:21:09,917 [INFO] [VERIFY-JOINT-STATE] 刘世刚 before: vitality=70, fulfillment={'mood': 43, 'material': 50, 'social': 43, 'esteem': 43}, possessions=5
2026-07-17 09:21:09,916 [INFO] [VERIFY-JOINT] Proposer: None
2026-07-17 09:21:09,916 [INFO] [VERIFY-JOINT] Proposer: None
2026-07-17 09:21:09,917 [INFO] [VERIFY-JOINT-STATE] 刘凡 before: vitality=70, fulfillment={'mood': 43, 'material': 50, 'social': 43, 'esteem': 43}, possessions=3
2026-07-17 09:21:09,916 [INFO] [VERIFY-JOINT] Proposer: None
2026-07-17 09:21:09,918 [INFO] [VERIFY-JOINT-STATE] 周悠 before: vitality=70, fulfillment={'mood': 43, 'material': 50, 'social': 43, 'esteem': 43}, possessions=4
2026-07-17 09:21:09,917 [INFO] [VERIFY-JOINT] Proposer: None
2026-07-17 09:21:09,917 [INFO] [VERIFY-JOINT] Proposer: None
2026-07-17 09:21:09,917 [INFO] [VERIFY-JOINT-STATE] 刘世刚 before: vitality=70, fulfillment={'mood': 43, 'material': 50, 'social': 43, 'esteem': 43}, possessions=5
2026-07-17 09:21:09,918 [INFO] [VERIFY-JOINT-STATE] 沈敏 before: vitality=70, fulfillment={'mood': 43, 'material': 50, 'social': 43, 'esteem': 43}, possessions=5
2026-07-17 09:21:09,919 [INFO] [VERIFY-JOINT-STATE] 吕谦 before: vitality=70, fulfillment={'mood': 43, 'material': 50, 'social': 43, 'esteem': 43}, possessions=5
2026-07-17 09:21:09,917 [INFO] [VERIFY-JOINT-STATE] 刘凡 before: vitality=70, fulfillment={'mood': 43, 'material': 50, 'social': 43, 'esteem': 43}, possessions=3
2026-07-17 09:21:09,919 [INFO] [VERIFY-JOINT-STATE] 周知远 before: vitality=70, fulfillment={'mood': 43, 'material': 50, 'social': 43, 'esteem': 43}, possessions=4
2026-07-17 09:21:09,918 [INFO] [VERIFY-JOINT-STATE] 周悠 before: vitality=70, fulfillment={'mood': 43, 'material': 50, 'social': 43, 'esteem': 43}, possessions=4
2026-07-17 09:21:09,919 [INFO] [VERIFY-JOINT-STATE] 宋慧平 before: vitality=70, fulfillment={'mood': 43, 'material': 50, 'social': 43, 'esteem': 43}, possessions=5
2026-07-17 09:21:09,918 [INFO] [VERIFY-JOINT-STATE] 沈敏 before: vitality=70, fulfillment={'mood': 43, 'material': 50, 'social': 43, 'esteem': 43}, possessions=5
2026-07-17 09:21:09,919 [INFO] [VERIFY-JOINT-STATE] 吕谦 before: vitality=70, fulfillment={'mood': 43, 'material': 50, 'social': 43, 'esteem': 43}, possessions=5
2026-07-17 09:21:09,920 [INFO] [VERIFY-JOINT-STATE] 程汐 before: vitality=70, fulfillment={'mood': 43, 'material': 45, 'social': 43, 'esteem': 43}, possessions=4
2026-07-17 09:21:09,920 [INFO] [VERIFY-JOINT-STATE] 白凪 before: vitality=70, fulfillment={'mood': 43, 'material': 45, 'social': 43, 'esteem': 43}, possessions=5
2026-07-17 09:21:09,920 [INFO] [VERIFY-JOINT-STATE] 牛淑芬 before: vitality=70, fulfillment={'mood': 43, 'material': 50, 'social': 43, 'esteem': 43}, possessions=4
2026-07-17 09:21:09,919 [INFO] [VERIFY-JOINT-STATE] 周知远 before: vitality=70, fulfillment={'mood': 43, 'material': 50, 'social': 43, 'esteem': 43}, possessions=4
2026-07-17 09:21:09,920 [INFO] [VERIFY-JOINT-STATE] 孙静 before: vitality=70, fulfillment={'mood': 43, 'material': 50, 'social': 43, 'esteem': 43}, possessions=4
2026-07-17 09:21:09,919 [INFO] [VERIFY-JOINT-STATE] 宋慧平 before: vitality=70, fulfillment={'mood': 43, 'material': 50, 'social': 43, 'esteem': 43}, possessions=5
2026-07-17 09:21:09,921 [INFO] [VERIFY-JOINT-STATE] 峰 before: vitality=70, fulfillment={'mood': 43, 'material': 45, 'social': 43, 'esteem': 43}, possessions=4
2026-07-17 09:21:09,920 [INFO] [VERIFY-JOINT-STATE] 程汐 before: vitality=70, fulfillment={'mood': 43, 'material': 45, 'social': 43, 'esteem': 43}, possessions=4
2026-07-17 09:21:09,920 [INFO] [VERIFY-JOINT-STATE] 白凪 before: vitality=70, fulfillment={'mood': 43, 'material': 45, 'social': 43, 'esteem': 43}, possessions=5
2026-07-17 09:21:09,921 [INFO] [VERIFY-JOINT-STATE] 林嘉禾 before: vitality=70, fulfillment={'mood': 43, 'material': 50, 'social': 43, 'esteem': 43}, possessions=4
2026-07-17 09:21:09,921 [INFO] [VERIFY-JOINT-STATE] 程遥 before: vitality=70, fulfillment={'mood': 43, 'material': 45, 'social': 43, 'esteem': 43}, possessions=4
2026-07-17 09:21:09,920 [INFO] [VERIFY-JOINT-STATE] 牛淑芬 before: vitality=70, fulfillment={'mood': 43, 'material': 50, 'social': 43, 'esteem': 43}, possessions=4
2026-07-17 09:21:09,920 [INFO] [VERIFY-JOINT-STATE] 孙静 before: vitality=70, fulfillment={'mood': 43, 'material': 50, 'social': 43, 'esteem': 43}, possessions=4
2026-07-17 09:21:09,921 [INFO] [VERIFY-JOINT-STATE] 峰 before: vitality=70, fulfillment={'mood': 43, 'material': 45, 'social': 43, 'esteem': 43}, possessions=4
2026-07-17 09:21:09,921 [INFO] [VERIFY-JOINT-STATE] 林嘉禾 before: vitality=70, fulfillment={'mood': 43, 'material': 50, 'social': 43, 'esteem': 43}, possessions=4
2026-07-17 09:21:09,921 [INFO] [VERIFY-JOINT-STATE] 程遥 before: vitality=70, fulfillment={'mood': 43, 'material': 45, 'social': 43, 'esteem': 43}, possessions=4
2026-07-17 09:23:46,214 [INFO] [VERIFY-JOINT-GIFTS] Recording 0 gift transactions for outcome
2026-07-17 09:23:46,214 [INFO] [VERIFY-JOINT-GIFTS] Recording 0 gift transactions for outcome
2026-07-17 09:23:46,215 [INFO] [VERIFY-JOINT-STEP1] ========== EVALUATE: GodModel evaluates all participants ==========
2026-07-17 09:23:46,215 [INFO] [VERIFY-JOINT-STEP1] ========== EVALUATE: GodModel evaluates all participants ==========
2026-07-17 09:23:46,215 [INFO] [VERIFY-JOINT-STEP1] Dialog turns: 39
2026-07-17 09:23:46,215 [INFO] [VERIFY-JOINT-STEP1] Dialog turns: 39
2026-07-17 09:23:48,840 [INFO] [VERIFY-JOINT-STEP1] Evaluation completed, 2 outcomes generated
2026-07-17 09:23:48,840 [INFO] [VERIFY-JOINT-STEP1] Evaluation completed, 2 outcomes generated
2026-07-17 09:23:48,840 [INFO] [VERIFY-JOINT-STEP1] 周悠: delta_vitality=2, delta_fulfillment={'mood': 5, 'social': 5, 'esteem': 2}, delta_skills={}, items_sent=[], items_received=[]
2026-07-17 09:23:48,840 [INFO] [VERIFY-JOINT-STEP1] 周悠: delta_vitality=2, delta_fulfillment={'mood': 5, 'social': 5, 'esteem': 2}, delta_skills={}, items_sent=[], items_received=[]
2026-07-17 09:23:48,841 [INFO] [VERIFY-JOINT-STEP1] 白凪: delta_vitality=1, delta_fulfillment={'mood': 4, 'social': 5, 'esteem': 2}, delta_skills={}, items_sent=[], items_received=[]
2026-07-17 09:23:48,841 [INFO] [VERIFY-JOINT-STEP1] 白凪: delta_vitality=1, delta_fulfillment={'mood': 4, 'social': 5, 'esteem': 2}, delta_skills={}, items_sent=[], items_received=[]
2026-07-17 09:23:48,841 [INFO] [VERIFY-JOINT-STEP2] ========== RECEIVE: each agent receives outcome ==========
2026-07-17 09:23:48,841 [INFO] [VERIFY-JOINT-STEP2] ========== RECEIVE: each agent receives outcome ==========
2026-07-17 09:23:48,841 [INFO] [VERIFY-JOINT-STEP2] 周悠 received outcome message
2026-07-17 09:23:48,841 [INFO] [VERIFY-JOINT-STEP2] 周悠 received outcome message
2026-07-17 09:23:48,841 [INFO] [VERIFY-JOINT-STEP2] 白凪 received outcome message
2026-07-17 09:23:48,841 [INFO] [VERIFY-JOINT-STEP2] 白凪 received outcome message
2026-07-17 09:23:48,841 [INFO] [VERIFY-JOINT-STEP3] ========== EXIT: generate summary ==========
2026-07-17 09:23:48,841 [INFO] [VERIFY-JOINT-STEP3] ========== EXIT: generate summary ==========
2026-07-17 09:23:56,396 [INFO] [VERIFY-JOINT-STEP3] 周悠 summary length: 177
2026-07-17 09:23:56,396 [INFO] [VERIFY-JOINT-STEP3] 周悠 summary length: 177
2026-07-17 09:23:56,396 [INFO] [VERIFY-JOINT-STEP3] 周悠 reflection length: 202
2026-07-17 09:23:56,396 [INFO] [VERIFY-JOINT-STEP3] 周悠 reflection length: 202
2026-07-17 09:24:01,305 [INFO] [VERIFY-JOINT-STEP3] 白凪 summary length: 428
2026-07-17 09:24:01,305 [INFO] [VERIFY-JOINT-STEP3] 白凪 summary length: 428
2026-07-17 09:24:01,305 [INFO] [VERIFY-JOINT-STEP3] 白凪 reflection length: 585
2026-07-17 09:24:01,305 [INFO] [VERIFY-JOINT-STEP3] 白凪 reflection length: 585
2026-07-17 09:24:01,305 [INFO] [VERIFY-JOINT-STEP4] ========== APPLY: apply state changes ==========
2026-07-17 09:24:01,305 [INFO] [VERIFY-JOINT-STEP4] ========== APPLY: apply state changes ==========
2026-07-17 09:24:01,305 [INFO] [VERIFY-JOINT-STEP4] Applied all changes for 周悠 (possessions=4, vitality_delta=2)
2026-07-17 09:24:01,305 [INFO] [VERIFY-JOINT-STEP4] Applied all changes for 周悠 (possessions=4, vitality_delta=2)
2026-07-17 09:24:01,306 [INFO] [VERIFY-JOINT-STEP4] Applied all changes for 白凪 (possessions=5, vitality_delta=1)
2026-07-17 09:24:01,306 [INFO] [VERIFY-JOINT-STEP4] Applied all changes for 白凪 (possessions=5, vitality_delta=1)
2026-07-17 09:24:01,306 [INFO] [VERIFY-JOINT-STEP5] ========== CONSISTENCY: verify state changes ==========
2026-07-17 09:24:01,306 [INFO] [VERIFY-JOINT-STEP5] ========== CONSISTENCY: verify state changes ==========
2026-07-17 09:24:01,306 [INFO] [VERIFY-JOINT-STEP5] 周悠 vitality delta verified: 2
2026-07-17 09:24:01,306 [INFO] [VERIFY-JOINT-STEP5] 周悠 vitality delta verified: 2
2026-07-17 09:24:01,306 [INFO] [VERIFY-JOINT-STEP5] 周悠 mood delta verified: 5
2026-07-17 09:24:01,306 [INFO] [VERIFY-JOINT-STEP5] 周悠 mood delta verified: 5
2026-07-17 09:24:01,306 [INFO] [VERIFY-JOINT-STEP5] 周悠 social delta verified: 5
2026-07-17 09:24:01,306 [INFO] [VERIFY-JOINT-STEP5] 周悠 social delta verified: 5
2026-07-17 09:24:01,306 [INFO] [VERIFY-JOINT-STEP5] 周悠 esteem delta verified: 2
2026-07-17 09:24:01,306 [INFO] [VERIFY-JOINT-STEP5] 周悠 esteem delta verified: 2
2026-07-17 09:24:01,306 [INFO] [VERIFY-JOINT-STEP5] 白凪 vitality delta verified: 1
2026-07-17 09:24:01,306 [INFO] [VERIFY-JOINT-STEP5] 白凪 vitality delta verified: 1
2026-07-17 09:24:01,306 [INFO] [VERIFY-JOINT-STEP5] 白凪 mood delta verified: 4
2026-07-17 09:24:01,306 [INFO] [VERIFY-JOINT-STEP5] 白凪 mood delta verified: 4
2026-07-17 09:24:01,306 [INFO] [VERIFY-JOINT-STEP5] 白凪 social delta verified: 5
2026-07-17 09:24:01,306 [INFO] [VERIFY-JOINT-STEP5] 白凪 social delta verified: 5
2026-07-17 09:24:01,306 [INFO] [VERIFY-JOINT-STEP5] 白凪 esteem delta verified: 2
2026-07-17 09:24:01,306 [INFO] [VERIFY-JOINT-STEP5] 白凪 esteem delta verified: 2
2026-07-17 09:24:01,306 [INFO] [VERIFY-JOINT-STEP6] ========== RECORD: save records ==========
2026-07-17 09:24:01,306 [INFO] [VERIFY-JOINT-STEP6] ========== RECORD: save records ==========
2026-07-17 09:24:01,307 [INFO] [VERIFY-JOINT-STEP6] Saved record for 周悠
2026-07-17 09:24:01,307 [INFO] [VERIFY-JOINT-STEP6] Saved record for 周悠
2026-07-17 09:24:01,307 [INFO] [VERIFY-JOINT-STEP6] Saved record for 白凪
2026-07-17 09:24:01,307 [INFO] [VERIFY-JOINT-STEP6] Saved record for 白凪
2026-07-17 09:24:01,307 [INFO] [VERIFY-JOINT] ========== Joint activity completed for all 2 participants ==========
2026-07-17 09:24:01,307 [INFO] [VERIFY-JOINT] ========== Joint activity completed for all 2 participants ==========
2026-07-17 09:24:07,466 [INFO] [VERIFY-JOINT-GIFTS] Recording 0 gift transactions for outcome
2026-07-17 09:24:07,466 [INFO] [VERIFY-JOINT-GIFTS] Recording 0 gift transactions for outcome
2026-07-17 09:24:07,466 [INFO] [VERIFY-JOINT-STEP1] ========== EVALUATE: GodModel evaluates all participants ==========
2026-07-17 09:24:07,466 [INFO] [VERIFY-JOINT-STEP1] ========== EVALUATE: GodModel evaluates all participants ==========
2026-07-17 09:24:07,466 [INFO] [VERIFY-JOINT-STEP1] Dialog turns: 39
2026-07-17 09:24:07,466 [INFO] [VERIFY-JOINT-STEP1] Dialog turns: 39
2026-07-17 09:24:10,828 [INFO] [VERIFY-JOINT-STEP1] Evaluation completed, 2 outcomes generated
2026-07-17 09:24:10,828 [INFO] [VERIFY-JOINT-STEP1] Evaluation completed, 2 outcomes generated
2026-07-17 09:24:10,829 [INFO] [VERIFY-JOINT-STEP1] 刘凡: delta_vitality=1, delta_fulfillment={'mood': 5, 'social': 5, 'esteem': 2}, delta_skills={'teaching': 1, 'experiment_operation': 1}, items_sent=[], items_received=[]
2026-07-17 09:24:10,829 [INFO] [VERIFY-JOINT-STEP1] 刘凡: delta_vitality=1, delta_fulfillment={'mood': 5, 'social': 5, 'esteem': 2}, delta_skills={'teaching': 1, 'experiment_operation': 1}, items_sent=[], items_received=[]
2026-07-17 09:24:10,829 [INFO] [VERIFY-JOINT-STEP1] 程汐: delta_vitality=2, delta_fulfillment={'mood': 5, 'social': 5, 'esteem': 3}, delta_skills={'observation_and_memory': 1, 'text_perception_and_text_analysis': 1}, items_sent=[], items_received=[]
2026-07-17 09:24:10,829 [INFO] [VERIFY-JOINT-STEP1] 程汐: delta_vitality=2, delta_fulfillment={'mood': 5, 'social': 5, 'esteem': 3}, delta_skills={'observation_and_memory': 1, 'text_perception_and_text_analysis': 1}, items_sent=[], items_received=[]
2026-07-17 09:24:10,829 [INFO] [VERIFY-JOINT-STEP2] ========== RECEIVE: each agent receives outcome ==========
2026-07-17 09:24:10,829 [INFO] [VERIFY-JOINT-STEP2] ========== RECEIVE: each agent receives outcome ==========
2026-07-17 09:24:10,829 [INFO] [VERIFY-JOINT-STEP2] 刘凡 received outcome message
2026-07-17 09:24:10,829 [INFO] [VERIFY-JOINT-STEP2] 刘凡 received outcome message
2026-07-17 09:24:10,829 [INFO] [VERIFY-JOINT-STEP2] 程汐 received outcome message
2026-07-17 09:24:10,829 [INFO] [VERIFY-JOINT-STEP2] 程汐 received outcome message
2026-07-17 09:24:10,829 [INFO] [VERIFY-JOINT-STEP3] ========== EXIT: generate summary ==========
2026-07-17 09:24:10,829 [INFO] [VERIFY-JOINT-STEP3] ========== EXIT: generate summary ==========
2026-07-17 09:24:16,442 [INFO] [VERIFY-JOINT-STEP3] 刘凡 summary length: 602
2026-07-17 09:24:16,442 [INFO] [VERIFY-JOINT-STEP3] 刘凡 summary length: 602
2026-07-17 09:24:16,442 [INFO] [VERIFY-JOINT-STEP3] 刘凡 reflection length: 581
2026-07-17 09:24:16,442 [INFO] [VERIFY-JOINT-STEP3] 刘凡 reflection length: 581
2026-07-17 09:24:22,035 [INFO] [VERIFY-JOINT-STEP3] 程汐 summary length: 180
2026-07-17 09:24:22,035 [INFO] [VERIFY-JOINT-STEP3] 程汐 summary length: 180
2026-07-17 09:24:22,035 [INFO] [VERIFY-JOINT-STEP3] 程汐 reflection length: 214
2026-07-17 09:24:22,035 [INFO] [VERIFY-JOINT-STEP3] 程汐 reflection length: 214
2026-07-17 09:24:22,035 [INFO] [VERIFY-JOINT-STEP4] ========== APPLY: apply state changes ==========
2026-07-17 09:24:22,035 [INFO] [VERIFY-JOINT-STEP4] ========== APPLY: apply state changes ==========
2026-07-17 09:24:22,036 [INFO] [VERIFY-JOINT-STEP4] Applied all changes for 刘凡 (possessions=3, vitality_delta=1)
2026-07-17 09:24:22,036 [INFO] [VERIFY-JOINT-STEP4] Applied all changes for 刘凡 (possessions=3, vitality_delta=1)
2026-07-17 09:24:22,036 [INFO] [VERIFY-JOINT-STEP4] Applied all changes for 程汐 (possessions=4, vitality_delta=2)
2026-07-17 09:24:22,036 [INFO] [VERIFY-JOINT-STEP4] Applied all changes for 程汐 (possessions=4, vitality_delta=2)
2026-07-17 09:24:22,036 [INFO] [VERIFY-JOINT-STEP5] ========== CONSISTENCY: verify state changes ==========
2026-07-17 09:24:22,036 [INFO] [VERIFY-JOINT-STEP5] ========== CONSISTENCY: verify state changes ==========
2026-07-17 09:24:22,036 [INFO] [VERIFY-JOINT-STEP5] 刘凡 vitality delta verified: 1
2026-07-17 09:24:22,036 [INFO] [VERIFY-JOINT-STEP5] 刘凡 vitality delta verified: 1
2026-07-17 09:24:22,036 [INFO] [VERIFY-JOINT-STEP5] 刘凡 mood delta verified: 5
2026-07-17 09:24:22,036 [INFO] [VERIFY-JOINT-STEP5] 刘凡 mood delta verified: 5
2026-07-17 09:24:22,036 [INFO] [VERIFY-JOINT-STEP5] 刘凡 social delta verified: 5
2026-07-17 09:24:22,036 [INFO] [VERIFY-JOINT-STEP5] 刘凡 social delta verified: 5
2026-07-17 09:24:22,036 [INFO] [VERIFY-JOINT-STEP5] 刘凡 esteem delta verified: 2
2026-07-17 09:24:22,036 [INFO] [VERIFY-JOINT-STEP5] 刘凡 esteem delta verified: 2
2026-07-17 09:24:22,036 [INFO] [VERIFY-JOINT-STEP5] 程汐 vitality delta verified: 2
2026-07-17 09:24:22,036 [INFO] [VERIFY-JOINT-STEP5] 程汐 vitality delta verified: 2
2026-07-17 09:24:22,036 [INFO] [VERIFY-JOINT-STEP5] 程汐 mood delta verified: 5
2026-07-17 09:24:22,036 [INFO] [VERIFY-JOINT-STEP5] 程汐 mood delta verified: 5
2026-07-17 09:24:22,036 [INFO] [VERIFY-JOINT-STEP5] 程汐 social delta verified: 5
2026-07-17 09:24:22,036 [INFO] [VERIFY-JOINT-STEP5] 程汐 social delta verified: 5
2026-07-17 09:24:22,036 [INFO] [VERIFY-JOINT-STEP5] 程汐 esteem delta verified: 3
2026-07-17 09:24:22,036 [INFO] [VERIFY-JOINT-STEP5] 程汐 esteem delta verified: 3
2026-07-17 09:24:22,036 [INFO] [VERIFY-JOINT-STEP6] ========== RECORD: save records ==========
2026-07-17 09:24:22,036 [INFO] [VERIFY-JOINT-STEP6] ========== RECORD: save records ==========
2026-07-17 09:24:22,036 [INFO] [VERIFY-JOINT-STEP6] Saved record for 刘凡
2026-07-17 09:24:22,036 [INFO] [VERIFY-JOINT-STEP6] Saved record for 刘凡
2026-07-17 09:24:22,037 [INFO] [VERIFY-JOINT-STEP6] Saved record for 程汐
2026-07-17 09:24:22,037 [INFO] [VERIFY-JOINT-STEP6] Saved record for 程汐
2026-07-17 09:24:22,037 [INFO] [VERIFY-JOINT] ========== Joint activity completed for all 2 participants ==========
2026-07-17 09:24:22,037 [INFO] [VERIFY-JOINT] ========== Joint activity completed for all 2 participants ==========
2026-07-17 09:24:58,056 [INFO] [VERIFY-JOINT-GIFTS] Recording 0 gift transactions for outcome
2026-07-17 09:24:58,056 [INFO] [VERIFY-JOINT-GIFTS] Recording 0 gift transactions for outcome
2026-07-17 09:24:58,056 [INFO] [VERIFY-JOINT-STEP1] ========== EVALUATE: GodModel evaluates all participants ==========
2026-07-17 09:24:58,056 [INFO] [VERIFY-JOINT-STEP1] ========== EVALUATE: GodModel evaluates all participants ==========
2026-07-17 09:24:58,056 [INFO] [VERIFY-JOINT-STEP1] Dialog turns: 39
2026-07-17 09:24:58,056 [INFO] [VERIFY-JOINT-STEP1] Dialog turns: 39
2026-07-17 09:25:00,811 [INFO] [VERIFY-JOINT-STEP1] Evaluation completed, 2 outcomes generated
2026-07-17 09:25:00,811 [INFO] [VERIFY-JOINT-STEP1] Evaluation completed, 2 outcomes generated
2026-07-17 09:25:00,811 [INFO] [VERIFY-JOINT-STEP1] 刘世刚: delta_vitality=-2, delta_fulfillment={'mood': 4, 'social': 5, 'esteem': 2}, delta_skills={}, items_sent=[], items_received=[]
2026-07-17 09:25:00,811 [INFO] [VERIFY-JOINT-STEP1] 刘世刚: delta_vitality=-2, delta_fulfillment={'mood': 4, 'social': 5, 'esteem': 2}, delta_skills={}, items_sent=[], items_received=[]
2026-07-17 09:25:00,811 [INFO] [VERIFY-JOINT-STEP1] 孙静: delta_vitality=-3, delta_fulfillment={'mood': 4, 'social': 5, 'esteem': 2}, delta_skills={}, items_sent=[], items_received=[]
2026-07-17 09:25:00,811 [INFO] [VERIFY-JOINT-STEP1] 孙静: delta_vitality=-3, delta_fulfillment={'mood': 4, 'social': 5, 'esteem': 2}, delta_skills={}, items_sent=[], items_received=[]
2026-07-17 09:25:00,811 [INFO] [VERIFY-JOINT-STEP2] ========== RECEIVE: each agent receives outcome ==========
2026-07-17 09:25:00,811 [INFO] [VERIFY-JOINT-STEP2] ========== RECEIVE: each agent receives outcome ==========
2026-07-17 09:25:00,811 [INFO] [VERIFY-JOINT-STEP2] 刘世刚 received outcome message
2026-07-17 09:25:00,811 [INFO] [VERIFY-JOINT-STEP2] 刘世刚 received outcome message
2026-07-17 09:25:00,811 [INFO] [VERIFY-JOINT-STEP2] 孙静 received outcome message
2026-07-17 09:25:00,811 [INFO] [VERIFY-JOINT-STEP2] 孙静 received outcome message
2026-07-17 09:25:00,811 [INFO] [VERIFY-JOINT-STEP3] ========== EXIT: generate summary ==========
2026-07-17 09:25:00,811 [INFO] [VERIFY-JOINT-STEP3] ========== EXIT: generate summary ==========
2026-07-17 09:25:09,441 [INFO] [VERIFY-JOINT-STEP3] 刘世刚 summary length: 165
2026-07-17 09:25:09,441 [INFO] [VERIFY-JOINT-STEP3] 刘世刚 summary length: 165
2026-07-17 09:25:09,441 [INFO] [VERIFY-JOINT-STEP3] 刘世刚 reflection length: 213
2026-07-17 09:25:09,441 [INFO] [VERIFY-JOINT-STEP3] 刘世刚 reflection length: 213
2026-07-17 09:25:17,067 [INFO] [VERIFY-JOINT-STEP3] 孙静 summary length: 258
2026-07-17 09:25:17,067 [INFO] [VERIFY-JOINT-STEP3] 孙静 summary length: 258
2026-07-17 09:25:17,068 [INFO] [VERIFY-JOINT-STEP3] 孙静 reflection length: 273
2026-07-17 09:25:17,068 [INFO] [VERIFY-JOINT-STEP3] 孙静 reflection length: 273
2026-07-17 09:25:17,068 [INFO] [VERIFY-JOINT-STEP4] ========== APPLY: apply state changes ==========
2026-07-17 09:25:17,068 [INFO] [VERIFY-JOINT-STEP4] ========== APPLY: apply state changes ==========
2026-07-17 09:25:17,068 [INFO] [VERIFY-JOINT-STEP4] Applied all changes for 刘世刚 (possessions=5, vitality_delta=-2)
2026-07-17 09:25:17,068 [INFO] [VERIFY-JOINT-STEP4] Applied all changes for 刘世刚 (possessions=5, vitality_delta=-2)
2026-07-17 09:25:17,069 [INFO] [VERIFY-JOINT-STEP4] Applied all changes for 孙静 (possessions=4, vitality_delta=-3)
2026-07-17 09:25:17,069 [INFO] [VERIFY-JOINT-STEP4] Applied all changes for 孙静 (possessions=4, vitality_delta=-3)
2026-07-17 09:25:17,069 [INFO] [VERIFY-JOINT-STEP5] ========== CONSISTENCY: verify state changes ==========
2026-07-17 09:25:17,069 [INFO] [VERIFY-JOINT-STEP5] ========== CONSISTENCY: verify state changes ==========
2026-07-17 09:25:17,069 [INFO] [VERIFY-JOINT-STEP5] 刘世刚 vitality delta verified: -2
2026-07-17 09:25:17,069 [INFO] [VERIFY-JOINT-STEP5] 刘世刚 vitality delta verified: -2
2026-07-17 09:25:17,069 [INFO] [VERIFY-JOINT-STEP5] 刘世刚 mood delta verified: 4
2026-07-17 09:25:17,069 [INFO] [VERIFY-JOINT-STEP5] 刘世刚 mood delta verified: 4
2026-07-17 09:25:17,069 [INFO] [VERIFY-JOINT-STEP5] 刘世刚 social delta verified: 5
2026-07-17 09:25:17,069 [INFO] [VERIFY-JOINT-STEP5] 刘世刚 social delta verified: 5
2026-07-17 09:25:17,069 [INFO] [VERIFY-JOINT-STEP5] 刘世刚 esteem delta verified: 2
2026-07-17 09:25:17,069 [INFO] [VERIFY-JOINT-STEP5] 刘世刚 esteem delta verified: 2
2026-07-17 09:25:17,069 [INFO] [VERIFY-JOINT-STEP5] 孙静 vitality delta verified: -3
2026-07-17 09:25:17,069 [INFO] [VERIFY-JOINT-STEP5] 孙静 vitality delta verified: -3
2026-07-17 09:25:17,069 [INFO] [VERIFY-JOINT-STEP5] 孙静 mood delta verified: 4
2026-07-17 09:25:17,069 [INFO] [VERIFY-JOINT-STEP5] 孙静 mood delta verified: 4
2026-07-17 09:25:17,069 [INFO] [VERIFY-JOINT-STEP5] 孙静 social delta verified: 5
2026-07-17 09:25:17,069 [INFO] [VERIFY-JOINT-STEP5] 孙静 social delta verified: 5
2026-07-17 09:25:17,069 [INFO] [VERIFY-JOINT-STEP5] 孙静 esteem delta verified: 2
2026-07-17 09:25:17,069 [INFO] [VERIFY-JOINT-STEP5] 孙静 esteem delta verified: 2
2026-07-17 09:25:17,069 [INFO] [VERIFY-JOINT-STEP6] ========== RECORD: save records ==========
2026-07-17 09:25:17,069 [INFO] [VERIFY-JOINT-STEP6] ========== RECORD: save records ==========
2026-07-17 09:25:17,069 [INFO] [VERIFY-JOINT-STEP6] Saved record for 刘世刚
2026-07-17 09:25:17,069 [INFO] [VERIFY-JOINT-STEP6] Saved record for 刘世刚
2026-07-17 09:25:17,069 [INFO] [VERIFY-JOINT-STEP6] Saved record for 孙静
2026-07-17 09:25:17,069 [INFO] [VERIFY-JOINT-STEP6] Saved record for 孙静
2026-07-17 09:25:17,069 [INFO] [VERIFY-JOINT] ========== Joint activity completed for all 2 participants ==========
2026-07-17 09:25:17,069 [INFO] [VERIFY-JOINT] ========== Joint activity completed for all 2 participants ==========
2026-07-17 09:25:21,130 [INFO] [VERIFY-JOINT-GIFTS] Recording 0 gift transactions for outcome
2026-07-17 09:25:21,130 [INFO] [VERIFY-JOINT-GIFTS] Recording 0 gift transactions for outcome
2026-07-17 09:25:21,130 [INFO] [VERIFY-JOINT-STEP1] ========== EVALUATE: GodModel evaluates all participants ==========
2026-07-17 09:25:21,130 [INFO] [VERIFY-JOINT-STEP1] ========== EVALUATE: GodModel evaluates all participants ==========
2026-07-17 09:25:21,130 [INFO] [VERIFY-JOINT-STEP1] Dialog turns: 39
2026-07-17 09:25:21,130 [INFO] [VERIFY-JOINT-STEP1] Dialog turns: 39
2026-07-17 09:25:24,249 [INFO] [VERIFY-JOINT-STEP1] Evaluation completed, 2 outcomes generated
2026-07-17 09:25:24,249 [INFO] [VERIFY-JOINT-STEP1] Evaluation completed, 2 outcomes generated
2026-07-17 09:25:24,249 [INFO] [VERIFY-JOINT-STEP1] 周知远: delta_vitality=-2, delta_fulfillment={'mood': 5, 'social': 5, 'esteem': 2}, delta_skills={'observation_and_memory': 2, 'writing': 1}, items_sent=[], items_received=[]
2026-07-17 09:25:24,249 [INFO] [VERIFY-JOINT-STEP1] 周知远: delta_vitality=-2, delta_fulfillment={'mood': 5, 'social': 5, 'esteem': 2}, delta_skills={'observation_and_memory': 2, 'writing': 1}, items_sent=[], items_received=[]
2026-07-17 09:25:24,249 [INFO] [VERIFY-JOINT-STEP1] 程遥: delta_vitality=-3, delta_fulfillment={'mood': 5, 'social': 5, 'esteem': 2}, delta_skills={'literary_appreciation': 2, 'library_management_and_information_retrieval': 1}, items_sent=[], items_received=[]
2026-07-17 09:25:24,249 [INFO] [VERIFY-JOINT-STEP1] 程遥: delta_vitality=-3, delta_fulfillment={'mood': 5, 'social': 5, 'esteem': 2}, delta_skills={'literary_appreciation': 2, 'library_management_and_information_retrieval': 1}, items_sent=[], items_received=[]
2026-07-17 09:25:24,249 [INFO] [VERIFY-JOINT-STEP2] ========== RECEIVE: each agent receives outcome ==========
2026-07-17 09:25:24,249 [INFO] [VERIFY-JOINT-STEP2] ========== RECEIVE: each agent receives outcome ==========
2026-07-17 09:25:24,249 [INFO] [VERIFY-JOINT-STEP2] 周知远 received outcome message
2026-07-17 09:25:24,249 [INFO] [VERIFY-JOINT-STEP2] 周知远 received outcome message
2026-07-17 09:25:24,249 [INFO] [VERIFY-JOINT-STEP2] 程遥 received outcome message
2026-07-17 09:25:24,249 [INFO] [VERIFY-JOINT-STEP2] 程遥 received outcome message
2026-07-17 09:25:24,249 [INFO] [VERIFY-JOINT-STEP3] ========== EXIT: generate summary ==========
2026-07-17 09:25:24,249 [INFO] [VERIFY-JOINT-STEP3] ========== EXIT: generate summary ==========
2026-07-17 09:25:30,775 [INFO] [VERIFY-JOINT-STEP3] 周知远 summary length: 613
2026-07-17 09:25:30,775 [INFO] [VERIFY-JOINT-STEP3] 周知远 summary length: 613
2026-07-17 09:25:30,775 [INFO] [VERIFY-JOINT-STEP3] 周知远 reflection length: 860
2026-07-17 09:25:30,775 [INFO] [VERIFY-JOINT-STEP3] 周知远 reflection length: 860
2026-07-17 09:25:35,451 [INFO] [VERIFY-JOINT-GIFTS] Recording 0 gift transactions for outcome
2026-07-17 09:25:35,451 [INFO] [VERIFY-JOINT-GIFTS] Recording 0 gift transactions for outcome
2026-07-17 09:25:35,451 [INFO] [VERIFY-JOINT-STEP1] ========== EVALUATE: GodModel evaluates all participants ==========
2026-07-17 09:25:35,451 [INFO] [VERIFY-JOINT-STEP1] ========== EVALUATE: GodModel evaluates all participants ==========
2026-07-17 09:25:35,451 [INFO] [VERIFY-JOINT-STEP1] Dialog turns: 39
2026-07-17 09:25:35,451 [INFO] [VERIFY-JOINT-STEP1] Dialog turns: 39
2026-07-17 09:25:35,919 [INFO] [VERIFY-JOINT-STEP3] 程遥 summary length: 438
2026-07-17 09:25:35,919 [INFO] [VERIFY-JOINT-STEP3] 程遥 summary length: 438
2026-07-17 09:25:35,919 [INFO] [VERIFY-JOINT-STEP3] 程遥 reflection length: 605
2026-07-17 09:25:35,919 [INFO] [VERIFY-JOINT-STEP3] 程遥 reflection length: 605
2026-07-17 09:25:35,919 [INFO] [VERIFY-JOINT-STEP4] ========== APPLY: apply state changes ==========
2026-07-17 09:25:35,919 [INFO] [VERIFY-JOINT-STEP4] ========== APPLY: apply state changes ==========
2026-07-17 09:25:35,919 [INFO] [VERIFY-JOINT-STEP4] Applied all changes for 周知远 (possessions=4, vitality_delta=-2)
2026-07-17 09:25:35,919 [INFO] [VERIFY-JOINT-STEP4] Applied all changes for 周知远 (possessions=4, vitality_delta=-2)
2026-07-17 09:25:35,920 [INFO] [VERIFY-JOINT-STEP4] Applied all changes for 程遥 (possessions=4, vitality_delta=-3)
2026-07-17 09:25:35,920 [INFO] [VERIFY-JOINT-STEP4] Applied all changes for 程遥 (possessions=4, vitality_delta=-3)
2026-07-17 09:25:35,920 [INFO] [VERIFY-JOINT-STEP5] ========== CONSISTENCY: verify state changes ==========
2026-07-17 09:25:35,920 [INFO] [VERIFY-JOINT-STEP5] ========== CONSISTENCY: verify state changes ==========
2026-07-17 09:25:35,920 [INFO] [VERIFY-JOINT-STEP5] 周知远 vitality delta verified: -2
2026-07-17 09:25:35,920 [INFO] [VERIFY-JOINT-STEP5] 周知远 vitality delta verified: -2
2026-07-17 09:25:35,920 [INFO] [VERIFY-JOINT-STEP5] 周知远 mood delta verified: 5
2026-07-17 09:25:35,920 [INFO] [VERIFY-JOINT-STEP5] 周知远 mood delta verified: 5
2026-07-17 09:25:35,920 [INFO] [VERIFY-JOINT-STEP5] 周知远 social delta verified: 5
2026-07-17 09:25:35,920 [INFO] [VERIFY-JOINT-STEP5] 周知远 social delta verified: 5
2026-07-17 09:25:35,920 [INFO] [VERIFY-JOINT-STEP5] 周知远 esteem delta verified: 2
2026-07-17 09:25:35,920 [INFO] [VERIFY-JOINT-STEP5] 周知远 esteem delta verified: 2
2026-07-17 09:25:35,920 [INFO] [VERIFY-JOINT-STEP5] 程遥 vitality delta verified: -3
2026-07-17 09:25:35,920 [INFO] [VERIFY-JOINT-STEP5] 程遥 vitality delta verified: -3
2026-07-17 09:25:35,920 [INFO] [VERIFY-JOINT-STEP5] 程遥 mood delta verified: 5
2026-07-17 09:25:35,920 [INFO] [VERIFY-JOINT-STEP5] 程遥 mood delta verified: 5
2026-07-17 09:25:35,920 [INFO] [VERIFY-JOINT-STEP5] 程遥 social delta verified: 5
2026-07-17 09:25:35,920 [INFO] [VERIFY-JOINT-STEP5] 程遥 social delta verified: 5
2026-07-17 09:25:35,920 [INFO] [VERIFY-JOINT-STEP5] 程遥 esteem delta verified: 2
2026-07-17 09:25:35,920 [INFO] [VERIFY-JOINT-STEP5] 程遥 esteem delta verified: 2
2026-07-17 09:25:35,920 [INFO] [VERIFY-JOINT-STEP6] ========== RECORD: save records ==========
2026-07-17 09:25:35,920 [INFO] [VERIFY-JOINT-STEP6] ========== RECORD: save records ==========
2026-07-17 09:25:35,920 [INFO] [VERIFY-JOINT-STEP6] Saved record for 周知远
2026-07-17 09:25:35,920 [INFO] [VERIFY-JOINT-STEP6] Saved record for 周知远
2026-07-17 09:25:35,921 [INFO] [VERIFY-JOINT-STEP6] Saved record for 程遥
2026-07-17 09:25:35,921 [INFO] [VERIFY-JOINT-STEP6] Saved record for 程遥
2026-07-17 09:25:35,921 [INFO] [VERIFY-JOINT] ========== Joint activity completed for all 2 participants ==========
2026-07-17 09:25:35,921 [INFO] [VERIFY-JOINT] ========== Joint activity completed for all 2 participants ==========
2026-07-17 09:25:38,565 [INFO] [VERIFY-JOINT-STEP1] Evaluation completed, 2 outcomes generated
2026-07-17 09:25:38,565 [INFO] [VERIFY-JOINT-STEP1] Evaluation completed, 2 outcomes generated
2026-07-17 09:25:38,565 [INFO] [VERIFY-JOINT-STEP1] 吕谦: delta_vitality=-2, delta_fulfillment={'mood': 3, 'social': 5, 'esteem': 2}, delta_skills={'门锁与五金': 1, '设施维护记录': 1}, items_sent=[], items_received=[]
2026-07-17 09:25:38,565 [INFO] [VERIFY-JOINT-STEP1] 吕谦: delta_vitality=-2, delta_fulfillment={'mood': 3, 'social': 5, 'esteem': 2}, delta_skills={'门锁与五金': 1, '设施维护记录': 1}, items_sent=[], items_received=[]
2026-07-17 09:25:38,565 [INFO] [VERIFY-JOINT-STEP1] 峰: delta_vitality=-3, delta_fulfillment={'mood': 2, 'social': 5, 'esteem': 2}, delta_skills={'器材维护与整理': 1, '基础维修': 1}, items_sent=[], items_received=[]
2026-07-17 09:25:38,565 [INFO] [VERIFY-JOINT-STEP1] 峰: delta_vitality=-3, delta_fulfillment={'mood': 2, 'social': 5, 'esteem': 2}, delta_skills={'器材维护与整理': 1, '基础维修': 1}, items_sent=[], items_received=[]
2026-07-17 09:25:38,565 [INFO] [VERIFY-JOINT-STEP2] ========== RECEIVE: each agent receives outcome ==========
2026-07-17 09:25:38,565 [INFO] [VERIFY-JOINT-STEP2] ========== RECEIVE: each agent receives outcome ==========
2026-07-17 09:25:38,565 [INFO] [VERIFY-JOINT-STEP2] 吕谦 received outcome message
2026-07-17 09:25:38,565 [INFO] [VERIFY-JOINT-STEP2] 吕谦 received outcome message
2026-07-17 09:25:38,565 [INFO] [VERIFY-JOINT-STEP2] 峰 received outcome message
2026-07-17 09:25:38,565 [INFO] [VERIFY-JOINT-STEP2] 峰 received outcome message
2026-07-17 09:25:38,566 [INFO] [VERIFY-JOINT-STEP3] ========== EXIT: generate summary ==========
2026-07-17 09:25:38,566 [INFO] [VERIFY-JOINT-STEP3] ========== EXIT: generate summary ==========
2026-07-17 09:25:45,494 [INFO] [VERIFY-JOINT-STEP3] 吕谦 summary length: 646
2026-07-17 09:25:45,494 [INFO] [VERIFY-JOINT-STEP3] 吕谦 summary length: 646
2026-07-17 09:25:45,494 [INFO] [VERIFY-JOINT-STEP3] 吕谦 reflection length: 681
2026-07-17 09:25:45,494 [INFO] [VERIFY-JOINT-STEP3] 吕谦 reflection length: 681
2026-07-17 09:25:52,850 [INFO] [VERIFY-JOINT-STEP3] 峰 summary length: 220
2026-07-17 09:25:52,850 [INFO] [VERIFY-JOINT-STEP3] 峰 summary length: 220
2026-07-17 09:25:52,850 [INFO] [VERIFY-JOINT-STEP3] 峰 reflection length: 221
2026-07-17 09:25:52,850 [INFO] [VERIFY-JOINT-STEP3] 峰 reflection length: 221
2026-07-17 09:25:52,851 [INFO] [VERIFY-JOINT-STEP4] ========== APPLY: apply state changes ==========
2026-07-17 09:25:52,851 [INFO] [VERIFY-JOINT-STEP4] ========== APPLY: apply state changes ==========
2026-07-17 09:25:52,851 [INFO] [VERIFY-JOINT-STEP4] Applied all changes for 吕谦 (possessions=5, vitality_delta=-2)
2026-07-17 09:25:52,851 [INFO] [VERIFY-JOINT-STEP4] Applied all changes for 吕谦 (possessions=5, vitality_delta=-2)
2026-07-17 09:25:52,852 [INFO] [VERIFY-JOINT-STEP4] Applied all changes for 峰 (possessions=4, vitality_delta=-3)
2026-07-17 09:25:52,852 [INFO] [VERIFY-JOINT-STEP4] Applied all changes for 峰 (possessions=4, vitality_delta=-3)
2026-07-17 09:25:52,852 [INFO] [VERIFY-JOINT-STEP5] ========== CONSISTENCY: verify state changes ==========
2026-07-17 09:25:52,852 [INFO] [VERIFY-JOINT-STEP5] ========== CONSISTENCY: verify state changes ==========
2026-07-17 09:25:52,852 [INFO] [VERIFY-JOINT-STEP5] 吕谦 vitality delta verified: -2
2026-07-17 09:25:52,852 [INFO] [VERIFY-JOINT-STEP5] 吕谦 vitality delta verified: -2
2026-07-17 09:25:52,852 [INFO] [VERIFY-JOINT-STEP5] 吕谦 mood delta verified: 3
2026-07-17 09:25:52,852 [INFO] [VERIFY-JOINT-STEP5] 吕谦 mood delta verified: 3
2026-07-17 09:25:52,852 [INFO] [VERIFY-JOINT-STEP5] 吕谦 social delta verified: 5
2026-07-17 09:25:52,852 [INFO] [VERIFY-JOINT-STEP5] 吕谦 social delta verified: 5
2026-07-17 09:25:52,852 [INFO] [VERIFY-JOINT-STEP5] 吕谦 esteem delta verified: 2
2026-07-17 09:25:52,852 [INFO] [VERIFY-JOINT-STEP5] 吕谦 esteem delta verified: 2
2026-07-17 09:25:52,852 [INFO] [VERIFY-JOINT-STEP5] 峰 vitality delta verified: -3
2026-07-17 09:25:52,852 [INFO] [VERIFY-JOINT-STEP5] 峰 vitality delta verified: -3
2026-07-17 09:25:52,852 [INFO] [VERIFY-JOINT-STEP5] 峰 mood delta verified: 2
2026-07-17 09:25:52,852 [INFO] [VERIFY-JOINT-STEP5] 峰 mood delta verified: 2
2026-07-17 09:25:52,852 [INFO] [VERIFY-JOINT-STEP5] 峰 social delta verified: 5
2026-07-17 09:25:52,852 [INFO] [VERIFY-JOINT-STEP5] 峰 social delta verified: 5
2026-07-17 09:25:52,852 [INFO] [VERIFY-JOINT-STEP5] 峰 esteem delta verified: 2
2026-07-17 09:25:52,852 [INFO] [VERIFY-JOINT-STEP5] 峰 esteem delta verified: 2
2026-07-17 09:25:52,852 [INFO] [VERIFY-JOINT-STEP6] ========== RECORD: save records ==========
2026-07-17 09:25:52,852 [INFO] [VERIFY-JOINT-STEP6] ========== RECORD: save records ==========
2026-07-17 09:25:52,852 [INFO] [VERIFY-JOINT-STEP6] Saved record for 吕谦
2026-07-17 09:25:52,852 [INFO] [VERIFY-JOINT-STEP6] Saved record for 吕谦
2026-07-17 09:25:52,852 [INFO] [VERIFY-JOINT-STEP6] Saved record for 峰
2026-07-17 09:25:52,852 [INFO] [VERIFY-JOINT-STEP6] Saved record for 峰
2026-07-17 09:25:52,852 [INFO] [VERIFY-JOINT] ========== Joint activity completed for all 2 participants ==========
2026-07-17 09:25:52,852 [INFO] [VERIFY-JOINT] ========== Joint activity completed for all 2 participants ==========
2026-07-17 09:25:59,534 [INFO] [VERIFY-JOINT-GIFTS] Recording 0 gift transactions for outcome
2026-07-17 09:25:59,534 [INFO] [VERIFY-JOINT-GIFTS] Recording 0 gift transactions for outcome
2026-07-17 09:25:59,534 [INFO] [VERIFY-JOINT-STEP1] ========== EVALUATE: GodModel evaluates all participants ==========
2026-07-17 09:25:59,534 [INFO] [VERIFY-JOINT-STEP1] ========== EVALUATE: GodModel evaluates all participants ==========
2026-07-17 09:25:59,534 [INFO] [VERIFY-JOINT-STEP1] Dialog turns: 39
2026-07-17 09:25:59,534 [INFO] [VERIFY-JOINT-STEP1] Dialog turns: 39
2026-07-17 09:26:03,463 [INFO] [VERIFY-JOINT-STEP1] Evaluation completed, 2 outcomes generated
2026-07-17 09:26:03,463 [INFO] [VERIFY-JOINT-STEP1] Evaluation completed, 2 outcomes generated
2026-07-17 09:26:03,463 [INFO] [VERIFY-JOINT-STEP1] 沈敏: delta_vitality=1, delta_fulfillment={'mood': 4, 'social': 5, 'esteem': 2}, delta_skills={'察言观色': 2}, items_sent=[], items_received=[]
2026-07-17 09:26:03,463 [INFO] [VERIFY-JOINT-STEP1] 沈敏: delta_vitality=1, delta_fulfillment={'mood': 4, 'social': 5, 'esteem': 2}, delta_skills={'察言观色': 2}, items_sent=[], items_received=[]
2026-07-17 09:26:03,463 [INFO] [VERIFY-JOINT-STEP1] 牛淑芬: delta_vitality=0, delta_fulfillment={'mood': 3, 'social': 5, 'esteem': 2}, delta_skills={'学生管理': 1, '心理辅导': 2}, items_sent=[], items_received=[]
2026-07-17 09:26:03,463 [INFO] [VERIFY-JOINT-STEP1] 牛淑芬: delta_vitality=0, delta_fulfillment={'mood': 3, 'social': 5, 'esteem': 2}, delta_skills={'学生管理': 1, '心理辅导': 2}, items_sent=[], items_received=[]
2026-07-17 09:26:03,463 [INFO] [VERIFY-JOINT-STEP2] ========== RECEIVE: each agent receives outcome ==========
2026-07-17 09:26:03,463 [INFO] [VERIFY-JOINT-STEP2] ========== RECEIVE: each agent receives outcome ==========
2026-07-17 09:26:03,463 [INFO] [VERIFY-JOINT-STEP2] 沈敏 received outcome message
2026-07-17 09:26:03,463 [INFO] [VERIFY-JOINT-STEP2] 沈敏 received outcome message
2026-07-17 09:26:03,463 [INFO] [VERIFY-JOINT-STEP2] 牛淑芬 received outcome message
2026-07-17 09:26:03,463 [INFO] [VERIFY-JOINT-STEP2] 牛淑芬 received outcome message
2026-07-17 09:26:03,463 [INFO] [VERIFY-JOINT-STEP3] ========== EXIT: generate summary ==========
2026-07-17 09:26:03,463 [INFO] [VERIFY-JOINT-STEP3] ========== EXIT: generate summary ==========
2026-07-17 09:26:09,427 [INFO] [VERIFY-JOINT-STEP3] 沈敏 summary length: 201
2026-07-17 09:26:09,427 [INFO] [VERIFY-JOINT-STEP3] 沈敏 summary length: 201
2026-07-17 09:26:09,427 [INFO] [VERIFY-JOINT-STEP3] 沈敏 reflection length: 234
2026-07-17 09:26:09,427 [INFO] [VERIFY-JOINT-STEP3] 沈敏 reflection length: 234
2026-07-17 09:26:13,140 [INFO] [VERIFY-JOINT-GIFTS] Recording 0 gift transactions for outcome
2026-07-17 09:26:13,140 [INFO] [VERIFY-JOINT-GIFTS] Recording 0 gift transactions for outcome
2026-07-17 09:26:13,140 [INFO] [VERIFY-JOINT-STEP1] ========== EVALUATE: GodModel evaluates all participants ==========
2026-07-17 09:26:13,140 [INFO] [VERIFY-JOINT-STEP1] ========== EVALUATE: GodModel evaluates all participants ==========
2026-07-17 09:26:13,140 [INFO] [VERIFY-JOINT-STEP1] Dialog turns: 39
2026-07-17 09:26:13,140 [INFO] [VERIFY-JOINT-STEP1] Dialog turns: 39
2026-07-17 09:26:16,559 [INFO] [VERIFY-JOINT-STEP3] 牛淑芬 summary length: 233
2026-07-17 09:26:16,559 [INFO] [VERIFY-JOINT-STEP3] 牛淑芬 summary length: 233
2026-07-17 09:26:16,559 [INFO] [VERIFY-JOINT-STEP3] 牛淑芬 reflection length: 291
2026-07-17 09:26:16,559 [INFO] [VERIFY-JOINT-STEP3] 牛淑芬 reflection length: 291
2026-07-17 09:26:16,559 [INFO] [VERIFY-JOINT-STEP4] ========== APPLY: apply state changes ==========
2026-07-17 09:26:16,559 [INFO] [VERIFY-JOINT-STEP4] ========== APPLY: apply state changes ==========
2026-07-17 09:26:16,559 [INFO] [VERIFY-JOINT-STEP4] Applied all changes for 沈敏 (possessions=5, vitality_delta=1)
2026-07-17 09:26:16,559 [INFO] [VERIFY-JOINT-STEP4] Applied all changes for 沈敏 (possessions=5, vitality_delta=1)
2026-07-17 09:26:16,560 [INFO] [VERIFY-JOINT-STEP4] Applied all changes for 牛淑芬 (possessions=4, vitality_delta=0)
2026-07-17 09:26:16,560 [INFO] [VERIFY-JOINT-STEP4] Applied all changes for 牛淑芬 (possessions=4, vitality_delta=0)
2026-07-17 09:26:16,560 [INFO] [VERIFY-JOINT-STEP5] ========== CONSISTENCY: verify state changes ==========
2026-07-17 09:26:16,560 [INFO] [VERIFY-JOINT-STEP5] ========== CONSISTENCY: verify state changes ==========
2026-07-17 09:26:16,560 [INFO] [VERIFY-JOINT-STEP5] 沈敏 vitality delta verified: 1
2026-07-17 09:26:16,560 [INFO] [VERIFY-JOINT-STEP5] 沈敏 vitality delta verified: 1
2026-07-17 09:26:16,560 [INFO] [VERIFY-JOINT-STEP5] 沈敏 mood delta verified: 4
2026-07-17 09:26:16,560 [INFO] [VERIFY-JOINT-STEP5] 沈敏 mood delta verified: 4
2026-07-17 09:26:16,560 [INFO] [VERIFY-JOINT-STEP5] 沈敏 social delta verified: 5
2026-07-17 09:26:16,560 [INFO] [VERIFY-JOINT-STEP5] 沈敏 social delta verified: 5
2026-07-17 09:26:16,560 [INFO] [VERIFY-JOINT-STEP5] 沈敏 esteem delta verified: 2
2026-07-17 09:26:16,560 [INFO] [VERIFY-JOINT-STEP5] 沈敏 esteem delta verified: 2
2026-07-17 09:26:16,560 [INFO] [VERIFY-JOINT-STEP5] 牛淑芬 vitality delta verified: 0
2026-07-17 09:26:16,560 [INFO] [VERIFY-JOINT-STEP5] 牛淑芬 vitality delta verified: 0
2026-07-17 09:26:16,560 [INFO] [VERIFY-JOINT-STEP5] 牛淑芬 mood delta verified: 3
2026-07-17 09:26:16,560 [INFO] [VERIFY-JOINT-STEP5] 牛淑芬 mood delta verified: 3
2026-07-17 09:26:16,560 [INFO] [VERIFY-JOINT-STEP5] 牛淑芬 social delta verified: 5
2026-07-17 09:26:16,560 [INFO] [VERIFY-JOINT-STEP5] 牛淑芬 social delta verified: 5
2026-07-17 09:26:16,560 [INFO] [VERIFY-JOINT-STEP5] 牛淑芬 esteem delta verified: 2
2026-07-17 09:26:16,560 [INFO] [VERIFY-JOINT-STEP5] 牛淑芬 esteem delta verified: 2
2026-07-17 09:26:16,560 [INFO] [VERIFY-JOINT-STEP6] ========== RECORD: save records ==========
2026-07-17 09:26:16,560 [INFO] [VERIFY-JOINT-STEP6] ========== RECORD: save records ==========
2026-07-17 09:26:16,560 [INFO] [VERIFY-JOINT-STEP6] Saved record for 沈敏
2026-07-17 09:26:16,560 [INFO] [VERIFY-JOINT-STEP6] Saved record for 沈敏
2026-07-17 09:26:16,561 [INFO] [VERIFY-JOINT-STEP6] Saved record for 牛淑芬
2026-07-17 09:26:16,561 [INFO] [VERIFY-JOINT-STEP6] Saved record for 牛淑芬
2026-07-17 09:26:16,561 [INFO] [VERIFY-JOINT] ========== Joint activity completed for all 2 participants ==========
2026-07-17 09:26:16,561 [INFO] [VERIFY-JOINT] ========== Joint activity completed for all 2 participants ==========
2026-07-17 09:26:18,170 [INFO] [VERIFY-JOINT-STEP1] Evaluation completed, 2 outcomes generated
2026-07-17 09:26:18,170 [INFO] [VERIFY-JOINT-STEP1] Evaluation completed, 2 outcomes generated
2026-07-17 09:26:18,171 [INFO] [VERIFY-JOINT-STEP1] 宋慧平: delta_vitality=-4, delta_fulfillment={'mood': 2, 'social': 5, 'esteem': 1}, delta_skills={'information_collection_and_analysis': 2, 'interpersonal_communication': 3, 'teaching': 1}, items_sent=[], items_received=[]
2026-07-17 09:26:18,171 [INFO] [VERIFY-JOINT-STEP1] 宋慧平: delta_vitality=-4, delta_fulfillment={'mood': 2, 'social': 5, 'esteem': 1}, delta_skills={'information_collection_and_analysis': 2, 'interpersonal_communication': 3, 'teaching': 1}, items_sent=[], items_received=[]
2026-07-17 09:26:18,171 [INFO] [VERIFY-JOINT-STEP1] 林嘉禾: delta_vitality=-3, delta_fulfillment={'mood': 3, 'social': 5, 'esteem': 2}, delta_skills={'communication_and_negotiation': 3, 'information_collection_and_analysis': 2, 'teaching': 1}, items_sent=[], items_received=[]
2026-07-17 09:26:18,171 [INFO] [VERIFY-JOINT-STEP1] 林嘉禾: delta_vitality=-3, delta_fulfillment={'mood': 3, 'social': 5, 'esteem': 2}, delta_skills={'communication_and_negotiation': 3, 'information_collection_and_analysis': 2, 'teaching': 1}, items_sent=[], items_received=[]
2026-07-17 09:26:18,171 [INFO] [VERIFY-JOINT-STEP2] ========== RECEIVE: each agent receives outcome ==========
2026-07-17 09:26:18,171 [INFO] [VERIFY-JOINT-STEP2] ========== RECEIVE: each agent receives outcome ==========
2026-07-17 09:26:18,171 [INFO] [VERIFY-JOINT-STEP2] 宋慧平 received outcome message
2026-07-17 09:26:18,171 [INFO] [VERIFY-JOINT-STEP2] 宋慧平 received outcome message
2026-07-17 09:26:18,171 [INFO] [VERIFY-JOINT-STEP2] 林嘉禾 received outcome message
2026-07-17 09:26:18,171 [INFO] [VERIFY-JOINT-STEP2] 林嘉禾 received outcome message
2026-07-17 09:26:18,171 [INFO] [VERIFY-JOINT-STEP3] ========== EXIT: generate summary ==========
2026-07-17 09:26:18,171 [INFO] [VERIFY-JOINT-STEP3] ========== EXIT: generate summary ==========
2026-07-17 09:26:25,136 [INFO] [VERIFY-JOINT-STEP3] 宋慧平 summary length: 240
2026-07-17 09:26:25,136 [INFO] [VERIFY-JOINT-STEP3] 宋慧平 summary length: 240
2026-07-17 09:26:25,136 [INFO] [VERIFY-JOINT-STEP3] 宋慧平 reflection length: 258
2026-07-17 09:26:25,136 [INFO] [VERIFY-JOINT-STEP3] 宋慧平 reflection length: 258
2026-07-17 09:26:34,068 [INFO] [VERIFY-JOINT-STEP3] 林嘉禾 summary length: 806
2026-07-17 09:26:34,068 [INFO] [VERIFY-JOINT-STEP3] 林嘉禾 summary length: 806
2026-07-17 09:26:34,068 [INFO] [VERIFY-JOINT-STEP3] 林嘉禾 reflection length: 798
2026-07-17 09:26:34,068 [INFO] [VERIFY-JOINT-STEP3] 林嘉禾 reflection length: 798
2026-07-17 09:26:34,068 [INFO] [VERIFY-JOINT-STEP4] ========== APPLY: apply state changes ==========
2026-07-17 09:26:34,068 [INFO] [VERIFY-JOINT-STEP4] ========== APPLY: apply state changes ==========
2026-07-17 09:26:34,069 [INFO] [VERIFY-JOINT-STEP4] Applied all changes for 宋慧平 (possessions=5, vitality_delta=-4)
2026-07-17 09:26:34,069 [INFO] [VERIFY-JOINT-STEP4] Applied all changes for 宋慧平 (possessions=5, vitality_delta=-4)
2026-07-17 09:26:34,069 [INFO] [VERIFY-JOINT-STEP4] Applied all changes for 林嘉禾 (possessions=4, vitality_delta=-3)
2026-07-17 09:26:34,069 [INFO] [VERIFY-JOINT-STEP4] Applied all changes for 林嘉禾 (possessions=4, vitality_delta=-3)
2026-07-17 09:26:34,069 [INFO] [VERIFY-JOINT-STEP5] ========== CONSISTENCY: verify state changes ==========
2026-07-17 09:26:34,069 [INFO] [VERIFY-JOINT-STEP5] ========== CONSISTENCY: verify state changes ==========
2026-07-17 09:26:34,069 [INFO] [VERIFY-JOINT-STEP5] 宋慧平 vitality delta verified: -4
2026-07-17 09:26:34,069 [INFO] [VERIFY-JOINT-STEP5] 宋慧平 vitality delta verified: -4
2026-07-17 09:26:34,069 [INFO] [VERIFY-JOINT-STEP5] 宋慧平 mood delta verified: 2
2026-07-17 09:26:34,069 [INFO] [VERIFY-JOINT-STEP5] 宋慧平 mood delta verified: 2
2026-07-17 09:26:34,069 [INFO] [VERIFY-JOINT-STEP5] 宋慧平 social delta verified: 5
2026-07-17 09:26:34,069 [INFO] [VERIFY-JOINT-STEP5] 宋慧平 social delta verified: 5
2026-07-17 09:26:34,069 [INFO] [VERIFY-JOINT-STEP5] 宋慧平 esteem delta verified: 1
2026-07-17 09:26:34,069 [INFO] [VERIFY-JOINT-STEP5] 宋慧平 esteem delta verified: 1
2026-07-17 09:26:34,069 [INFO] [VERIFY-JOINT-STEP5] 林嘉禾 vitality delta verified: -3
2026-07-17 09:26:34,069 [INFO] [VERIFY-JOINT-STEP5] 林嘉禾 vitality delta verified: -3
2026-07-17 09:26:34,069 [INFO] [VERIFY-JOINT-STEP5] 林嘉禾 mood delta verified: 3
2026-07-17 09:26:34,069 [INFO] [VERIFY-JOINT-STEP5] 林嘉禾 mood delta verified: 3
2026-07-17 09:26:34,069 [INFO] [VERIFY-JOINT-STEP5] 林嘉禾 social delta verified: 5
2026-07-17 09:26:34,069 [INFO] [VERIFY-JOINT-STEP5] 林嘉禾 social delta verified: 5
2026-07-17 09:26:34,069 [INFO] [VERIFY-JOINT-STEP5] 林嘉禾 esteem delta verified: 2
2026-07-17 09:26:34,069 [INFO] [VERIFY-JOINT-STEP5] 林嘉禾 esteem delta verified: 2
2026-07-17 09:26:34,069 [INFO] [VERIFY-JOINT-STEP6] ========== RECORD: save records ==========
2026-07-17 09:26:34,069 [INFO] [VERIFY-JOINT-STEP6] ========== RECORD: save records ==========
2026-07-17 09:26:34,070 [INFO] [VERIFY-JOINT-STEP6] Saved record for 宋慧平
2026-07-17 09:26:34,070 [INFO] [VERIFY-JOINT-STEP6] Saved record for 宋慧平
2026-07-17 09:26:34,070 [INFO] [VERIFY-JOINT-STEP6] Saved record for 林嘉禾
2026-07-17 09:26:34,070 [INFO] [VERIFY-JOINT-STEP6] Saved record for 林嘉禾
2026-07-17 09:26:34,070 [INFO] [VERIFY-JOINT] ========== Joint activity completed for all 2 participants ==========
2026-07-17 09:26:34,070 [INFO] [VERIFY-JOINT] ========== Joint activity completed for all 2 participants ==========
2026-07-17 09:28:36,431 [INFO] [VERIFY-JOINT] ========== Starting joint activity at Y2020-W01-activity-D2 ==========
2026-07-17 09:28:36,431 [INFO] [VERIFY-JOINT] ========== Starting joint activity at Y2020-W01-activity-D2 ==========
2026-07-17 09:28:36,431 [INFO] [VERIFY-JOINT] ========== Starting joint activity at Y2020-W01-activity-D2 ==========
2026-07-17 09:28:36,431 [INFO] [VERIFY-JOINT] ========== Starting joint activity at Y2020-W01-activity-D2 ==========
2026-07-17 09:28:36,432 [INFO] [VERIFY-JOINT] Activity: Encounter-何敏-叶, Location: 地理地质角
2026-07-17 09:28:36,432 [INFO] [VERIFY-JOINT] Activity: Encounter-何敏-叶, Location: 地理地质角
2026-07-17 09:28:36,432 [INFO] [VERIFY-JOINT] Participants: ['何敏', '叶']
2026-07-17 09:28:36,432 [INFO] [VERIFY-JOINT] Participants: ['何敏', '叶']
2026-07-17 09:28:36,432 [INFO] [VERIFY-JOINT] Proposer: None
2026-07-17 09:28:36,432 [INFO] [VERIFY-JOINT] Proposer: None
2026-07-17 09:28:36,432 [INFO] [VERIFY-JOINT] ========== Starting joint activity at Y2020-W01-activity-D2 ==========
2026-07-17 09:28:36,432 [INFO] [VERIFY-JOINT] ========== Starting joint activity at Y2020-W01-activity-D2 ==========
2026-07-17 09:28:36,432 [INFO] [VERIFY-JOINT] ========== Starting joint activity at Y2020-W01-activity-D2 ==========
2026-07-17 09:28:36,432 [INFO] [VERIFY-JOINT] ========== Starting joint activity at Y2020-W01-activity-D2 ==========
2026-07-17 09:28:36,432 [INFO] [VERIFY-JOINT] ========== Starting joint activity at Y2020-W01-activity-D2 ==========
2026-07-17 09:28:36,432 [INFO] [VERIFY-JOINT] ========== Starting joint activity at Y2020-W01-activity-D2 ==========
2026-07-17 09:28:36,432 [INFO] [VERIFY-JOINT] ========== Starting joint activity at Y2020-W01-activity-D2 ==========
2026-07-17 09:28:36,432 [INFO] [VERIFY-JOINT] ========== Starting joint activity at Y2020-W01-activity-D2 ==========
2026-07-17 09:28:36,432 [INFO] [VERIFY-JOINT] Activity: Encounter-周原-姜鑫, Location: 物理创新实验室
2026-07-17 09:28:36,432 [INFO] [VERIFY-JOINT] Activity: Encounter-周悠-林屿, Location: 心理咨询室
2026-07-17 09:28:36,432 [INFO] [VERIFY-JOINT] ========== Starting joint activity at Y2020-W01-activity-D2 ==========
2026-07-17 09:28:36,432 [INFO] [VERIFY-JOINT] ========== Starting joint activity at Y2020-W01-activity-D2 ==========
2026-07-17 09:28:36,432 [INFO] [VERIFY-JOINT] Activity: Encounter-君-堀北, Location: 二楼西段走廊
2026-07-17 09:28:36,432 [INFO] [VERIFY-JOINT-STATE] 何敏 before: vitality=71, fulfillment={'mood': 47, 'material': 50, 'social': 45, 'esteem': 44}, possessions=4
2026-07-17 09:28:36,432 [INFO] [VERIFY-JOINT] Activity: Encounter-堀川凛-沐澈, Location: 美术教室陶艺区
2026-07-17 09:28:36,432 [INFO] [VERIFY-JOINT] ========== Starting joint activity at Y2020-W01-activity-D2 ==========
2026-07-17 09:28:36,432 [INFO] [VERIFY-JOINT] Activity: Encounter-周原-姜鑫, Location: 物理创新实验室
2026-07-17 09:28:36,432 [INFO] [VERIFY-JOINT] ========== Starting joint activity at Y2020-W01-activity-D2 ==========
2026-07-17 09:28:36,433 [INFO] [VERIFY-JOINT] Activity: Encounter-刘世刚-刘铭, Location: 食堂打饭窗口区
2026-07-17 09:28:36,432 [INFO] [VERIFY-JOINT] Activity: Encounter-周悠-林屿, Location: 心理咨询室
2026-07-17 09:28:36,433 [INFO] [VERIFY-JOINT] Participants: ['周原', '姜鑫']
2026-07-17 09:28:36,432 [INFO] [VERIFY-JOINT] ========== Starting joint activity at Y2020-W01-activity-D2 ==========
2026-07-17 09:28:36,433 [INFO] [VERIFY-JOINT] Activity: Encounter-孙静-程羲, Location: 食堂打饭窗口区
2026-07-17 09:28:36,433 [INFO] [VERIFY-JOINT] Activity: Encounter-孙静-程羲, Location: 食堂打饭窗口区
2026-07-17 09:28:36,433 [INFO] [VERIFY-JOINT] Participants: ['周悠', '林屿']
2026-07-17 09:28:36,432 [INFO] [VERIFY-JOINT] Activity: Encounter-君-堀北, Location: 二楼西段走廊
2026-07-17 09:28:36,433 [INFO] [VERIFY-JOINT] Participants: ['周悠', '林屿']
2026-07-17 09:28:36,433 [INFO] [VERIFY-JOINT] Proposer: None
2026-07-17 09:28:36,433 [INFO] [VERIFY-JOINT] Proposer: None
2026-07-17 09:28:36,432 [INFO] [VERIFY-JOINT] Activity: Encounter-堀川凛-沐澈, Location: 美术教室陶艺区
2026-07-17 09:28:36,433 [INFO] [VERIFY-JOINT] Participants: ['孙静', '程羲']
2026-07-17 09:28:36,433 [INFO] [VERIFY-JOINT] Participants: ['孙静', '程羲']
2026-07-17 09:28:36,433 [INFO] [VERIFY-JOINT] Proposer: None
2026-07-17 09:28:36,433 [INFO] [VERIFY-JOINT] Proposer: None
2026-07-17 09:28:36,433 [INFO] [VERIFY-JOINT] Participants: ['堀川凛', '沐澈']
2026-07-17 09:28:36,433 [INFO] [VERIFY-JOINT] Activity: Encounter-刘世刚-刘铭, Location: 食堂打饭窗口区
2026-07-17 09:28:36,432 [INFO] [VERIFY-JOINT] ========== Starting joint activity at Y2020-W01-activity-D2 ==========
2026-07-17 09:28:36,432 [INFO] [VERIFY-JOINT] ========== Starting joint activity at Y2020-W01-activity-D2 ==========
2026-07-17 09:28:36,433 [INFO] [VERIFY-JOINT] Participants: ['刘世刚', '刘铭']
2026-07-17 09:28:36,432 [INFO] [VERIFY-JOINT-STATE] 何敏 before: vitality=71, fulfillment={'mood': 47, 'material': 50, 'social': 45, 'esteem': 44}, possessions=4
2026-07-17 09:28:36,433 [INFO] [VERIFY-JOINT] Participants: ['君', '堀北']
2026-07-17 09:28:36,432 [INFO] [VERIFY-JOINT] ========== Starting joint activity at Y2020-W01-activity-D2 ==========
2026-07-17 09:28:36,433 [INFO] [VERIFY-JOINT] Participants: ['周原', '姜鑫']
2026-07-17 09:28:36,434 [INFO] [VERIFY-JOINT] Activity: Encounter-宁颂-牛广原, Location: 心理咨询室
2026-07-17 09:28:36,434 [INFO] [VERIFY-JOINT-STATE] 孙静 before: vitality=67, fulfillment={'mood': 47, 'material': 50, 'social': 48, 'esteem': 45}, possessions=4
2026-07-17 09:28:36,433 [INFO] [VERIFY-JOINT] Participants: ['堀川凛', '沐澈']
2026-07-17 09:28:36,433 [INFO] [VERIFY-JOINT] Participants: ['刘世刚', '刘铭']
2026-07-17 09:28:36,434 [INFO] [VERIFY-JOINT-STATE] 周悠 before: vitality=72, fulfillment={'mood': 48, 'material': 50, 'social': 48, 'esteem': 45}, possessions=4
2026-07-17 09:28:36,434 [INFO] [VERIFY-JOINT] Activity: Encounter-宋慧平-江哲远, Location: 语文教研组办公室
2026-07-17 09:28:36,433 [INFO] [VERIFY-JOINT] Participants: ['君', '堀北']
2026-07-17 09:28:36,434 [INFO] [VERIFY-JOINT] Activity: Encounter-宋瑶-沈珩, Location: 校内快递代收点
2026-07-17 09:28:36,434 [INFO] [VERIFY-JOINT] Proposer: None
2026-07-17 09:28:36,434 [INFO] [VERIFY-JOINT] Activity: Encounter-宁颂-牛广原, Location: 心理咨询室
2026-07-17 09:28:36,434 [INFO] [VERIFY-JOINT] Proposer: None
2026-07-17 09:28:36,434 [INFO] [VERIFY-JOINT] Proposer: None
2026-07-17 09:28:36,434 [INFO] [VERIFY-JOINT-STATE] 孙静 before: vitality=67, fulfillment={'mood': 47, 'material': 50, 'social': 48, 'esteem': 45}, possessions=4
2026-07-17 09:28:36,434 [INFO] [VERIFY-JOINT] Proposer: None
2026-07-17 09:28:36,434 [INFO] [VERIFY-JOINT-STATE] 周悠 before: vitality=72, fulfillment={'mood': 48, 'material': 50, 'social': 48, 'esteem': 45}, possessions=4
2026-07-17 09:28:36,434 [INFO] [VERIFY-JOINT-STATE] 叶 before: vitality=70, fulfillment={'mood': 46, 'material': 55, 'social': 45, 'esteem': 44}, possessions=4
2026-07-17 09:28:36,434 [INFO] [VERIFY-JOINT] Participants: ['宁颂', '牛广原']
2026-07-17 09:28:36,434 [INFO] [VERIFY-JOINT] Activity: Encounter-宋慧平-江哲远, Location: 语文教研组办公室
2026-07-17 09:28:36,435 [INFO] [VERIFY-JOINT] Participants: ['宋慧平', '江哲远']
2026-07-17 09:28:36,434 [INFO] [VERIFY-JOINT] Activity: Encounter-宋瑶-沈珩, Location: 校内快递代收点
2026-07-17 09:28:36,435 [INFO] [VERIFY-JOINT] Participants: ['宋瑶', '沈珩']
2026-07-17 09:28:36,434 [INFO] [VERIFY-JOINT] Proposer: None
2026-07-17 09:28:36,434 [INFO] [VERIFY-JOINT] Proposer: None
2026-07-17 09:28:36,434 [INFO] [VERIFY-JOINT] Proposer: None
2026-07-17 09:28:36,435 [INFO] [VERIFY-JOINT-STATE] 林屿 before: vitality=70, fulfillment={'mood': 46, 'material': 55, 'social': 45, 'esteem': 44}, possessions=4
2026-07-17 09:28:36,434 [INFO] [VERIFY-JOINT] Proposer: None
2026-07-17 09:28:36,434 [INFO] [VERIFY-JOINT-STATE] 叶 before: vitality=70, fulfillment={'mood': 46, 'material': 55, 'social': 45, 'esteem': 44}, possessions=4
2026-07-17 09:28:36,435 [INFO] [VERIFY-JOINT-STATE] 周原 before: vitality=68, fulfillment={'mood': 40, 'material': 50, 'social': 43, 'esteem': 44}, possessions=4
2026-07-17 09:28:36,434 [INFO] [VERIFY-JOINT] Participants: ['宁颂', '牛广原']
2026-07-17 09:28:36,435 [INFO] [VERIFY-JOINT] Proposer: None
2026-07-17 09:28:36,435 [INFO] [VERIFY-JOINT] Participants: ['宋慧平', '江哲远']
2026-07-17 09:28:36,435 [INFO] [VERIFY-JOINT-STATE] 程羲 before: vitality=70, fulfillment={'mood': 46, 'material': 45, 'social': 45, 'esteem': 44}, possessions=5
2026-07-17 09:28:36,436 [INFO] [VERIFY-JOINT-STATE] 刘世刚 before: vitality=68, fulfillment={'mood': 47, 'material': 50, 'social': 48, 'esteem': 45}, possessions=5
2026-07-17 09:28:36,435 [INFO] [VERIFY-JOINT] Participants: ['宋瑶', '沈珩']
2026-07-17 09:28:36,436 [INFO] [VERIFY-JOINT-STATE] 刘世刚 before: vitality=68, fulfillment={'mood': 47, 'material': 50, 'social': 48, 'esteem': 45}, possessions=5
2026-07-17 09:28:36,435 [INFO] [VERIFY-JOINT-STATE] 周原 before: vitality=68, fulfillment={'mood': 40, 'material': 50, 'social': 43, 'esteem': 44}, possessions=4
2026-07-17 09:28:36,435 [INFO] [VERIFY-JOINT] Proposer: None
2026-07-17 09:28:36,436 [INFO] [VERIFY-JOINT-STATE] 堀川凛 before: vitality=70, fulfillment={'mood': 46, 'material': 50, 'social': 45, 'esteem': 44}, possessions=5
2026-07-17 09:28:36,435 [INFO] [VERIFY-JOINT-STATE] 程羲 before: vitality=70, fulfillment={'mood': 46, 'material': 45, 'social': 45, 'esteem': 44}, possessions=5
2026-07-17 09:28:36,436 [INFO] [VERIFY-JOINT-STATE] 堀川凛 before: vitality=70, fulfillment={'mood': 46, 'material': 50, 'social': 45, 'esteem': 44}, possessions=5
2026-07-17 09:28:36,435 [INFO] [VERIFY-JOINT-STATE] 林屿 before: vitality=70, fulfillment={'mood': 46, 'material': 55, 'social': 45, 'esteem': 44}, possessions=4
2026-07-17 09:28:36,436 [INFO] [VERIFY-JOINT-STATE] 君 before: vitality=69, fulfillment={'mood': 45, 'material': 50, 'social': 45, 'esteem': 44}, possessions=5
2026-07-17 09:28:36,436 [INFO] [VERIFY-JOINT-STATE] 君 before: vitality=69, fulfillment={'mood': 45, 'material': 50, 'social': 45, 'esteem': 44}, possessions=5
2026-07-17 09:28:36,435 [INFO] [VERIFY-JOINT] Proposer: None
2026-07-17 09:28:36,435 [INFO] [VERIFY-JOINT] Proposer: None
2026-07-17 09:28:36,436 [INFO] [VERIFY-JOINT] Proposer: None
2026-07-17 09:28:36,436 [INFO] [VERIFY-JOINT] Proposer: None
2026-07-17 09:28:36,437 [INFO] [VERIFY-JOINT-STATE] 宁颂 before: vitality=68, fulfillment={'mood': 44, 'material': 50, 'social': 43, 'esteem': 44}, possessions=4
2026-07-17 09:28:36,437 [INFO] [VERIFY-JOINT-STATE] 宁颂 before: vitality=68, fulfillment={'mood': 44, 'material': 50, 'social': 43, 'esteem': 44}, possessions=4
2026-07-17 09:28:36,437 [INFO] [VERIFY-JOINT-STATE] 姜鑫 before: vitality=68, fulfillment={'mood': 44, 'material': 50, 'social': 43, 'esteem': 44}, possessions=4
2026-07-17 09:28:36,437 [INFO] [VERIFY-JOINT-STATE] 姜鑫 before: vitality=68, fulfillment={'mood': 44, 'material': 50, 'social': 43, 'esteem': 44}, possessions=4
2026-07-17 09:28:36,437 [INFO] [VERIFY-JOINT-STATE] 宋慧平 before: vitality=66, fulfillment={'mood': 45, 'material': 50, 'social': 48, 'esteem': 44}, possessions=5
2026-07-17 09:28:36,437 [INFO] [VERIFY-JOINT-STATE] 宋慧平 before: vitality=66, fulfillment={'mood': 45, 'material': 50, 'social': 48, 'esteem': 44}, possessions=5
2026-07-17 09:28:36,438 [INFO] [VERIFY-JOINT-STATE] 宋瑶 before: vitality=69, fulfillment={'mood': 45, 'material': 50, 'social': 45, 'esteem': 43.5}, possessions=5
2026-07-17 09:28:36,438 [INFO] [VERIFY-JOINT-STATE] 宋瑶 before: vitality=69, fulfillment={'mood': 45, 'material': 50, 'social': 45, 'esteem': 43.5}, possessions=5
2026-07-17 09:28:36,439 [INFO] [VERIFY-JOINT-STATE] 堀北 before: vitality=70, fulfillment={'mood': 46, 'material': 45, 'social': 45, 'esteem': 43.5}, possessions=4
2026-07-17 09:28:36,439 [INFO] [VERIFY-JOINT-STATE] 堀北 before: vitality=70, fulfillment={'mood': 46, 'material': 45, 'social': 45, 'esteem': 43.5}, possessions=4
2026-07-17 09:28:36,439 [INFO] [VERIFY-JOINT-STATE] 刘铭 before: vitality=67, fulfillment={'mood': 46, 'material': 45, 'social': 43, 'esteem': 44}, possessions=4
2026-07-17 09:28:36,439 [INFO] [VERIFY-JOINT-STATE] 刘铭 before: vitality=67, fulfillment={'mood': 46, 'material': 45, 'social': 43, 'esteem': 44}, possessions=4
2026-07-17 09:28:36,439 [INFO] [VERIFY-JOINT-STATE] 沐澈 before: vitality=70, fulfillment={'mood': 46, 'material': 45, 'social': 45, 'esteem': 44}, possessions=5
2026-07-17 09:28:36,439 [INFO] [VERIFY-JOINT-STATE] 沐澈 before: vitality=70, fulfillment={'mood': 46, 'material': 45, 'social': 45, 'esteem': 44}, possessions=5
2026-07-17 09:28:36,440 [INFO] [VERIFY-JOINT-STATE] 牛广原 before: vitality=70, fulfillment={'mood': 46, 'material': 50, 'social': 45, 'esteem': 44}, possessions=5
2026-07-17 09:28:36,440 [INFO] [VERIFY-JOINT-STATE] 牛广原 before: vitality=70, fulfillment={'mood': 46, 'material': 50, 'social': 45, 'esteem': 44}, possessions=5
2026-07-17 09:28:36,440 [INFO] [VERIFY-JOINT-STATE] 江哲远 before: vitality=70, fulfillment={'mood': 45, 'material': 50, 'social': 44, 'esteem': 44}, possessions=5
2026-07-17 09:28:36,440 [INFO] [VERIFY-JOINT-STATE] 江哲远 before: vitality=70, fulfillment={'mood': 45, 'material': 50, 'social': 44, 'esteem': 44}, possessions=5
2026-07-17 09:28:36,441 [INFO] [VERIFY-JOINT-STATE] 沈珩 before: vitality=69, fulfillment={'mood': 44, 'material': 45, 'social': 44, 'esteem': 44}, possessions=5
2026-07-17 09:28:36,441 [INFO] [VERIFY-JOINT-STATE] 沈珩 before: vitality=69, fulfillment={'mood': 44, 'material': 45, 'social': 44, 'esteem': 44}, possessions=5
2026-07-17 09:30:31,073 [INFO] [VERIFY-REJECT] 程羲: REJECT: Character inconsistency — 程羲 refers to 孙静 as “孙阿姨”, implying she is an adult staff member (e.g., cafeteria auntie or teacher), but the activity background states both are students at 京海中学. No prior context establishes 孙静 as faculty or older than 程羲; using “阿姨” contradicts their peer status and violates established world-setting (students do not call fellow students “auntie”). Additionally, the private thought implies pre-existing intimate concern and caregiving role (“she stays late… I’m afraid she’ll starve”), suggesting unearned relational depth inconsistent with an initial encounter at the food line.
2026-07-17 09:30:31,073 [INFO] [VERIFY-REJECT] 程羲: REJECT: Character inconsistency — 程羲 refers to 孙静 as “孙阿姨”, implying she is an adult staff member (e.g., cafeteria auntie or teacher), but the activity background states both are students at 京海中学. No prior context establishes 孙静 as faculty or older than 程羲; using “阿姨” contradicts their peer status and violates established world-setting (students do not call fellow students “auntie”). Additionally, the private thought implies pre-existing intimate concern and caregiving role (“she stays late… I’m afraid she’ll starve”), suggesting unearned relational depth inconsistent with an initial encounter at the food line.
2026-07-17 09:30:41,267 [INFO] [VERIFY-REJECT] 孙静: REJECT: Character inconsistency — 孙静 refers to “她” (she) repeatedly with clear familiarity (“昨晚又看书到几点?” “该问灯亮不亮”) and emotional attunement (self-correcting mid-thought), implying an established, intimate relationship with a third party named “君”. However, no prior context introduces “君”, nor establishes孙静’s connection to them. This violates consistency: in a first encounter at the cafeteria line, a student wouldn’t spontaneously reference a shared third person with such nuanced concern and self-aware meta-reflection—especially without naming or contextualizing “君”. It also risks hallucination (introducing unnamed, unestablished characters as emotionally central) and unnatural relationship progression (assuming deep mutual knowledge with “君” and implied shared responsibility for her well-being).
2026-07-17 09:30:41,267 [INFO] [VERIFY-REJECT] 孙静: REJECT: Character inconsistency — 孙静 refers to “她” (she) repeatedly with clear familiarity (“昨晚又看书到几点?” “该问灯亮不亮”) and emotional attunement (self-correcting mid-thought), implying an established, intimate relationship with a third party named “君”. However, no prior context introduces “君”, nor establishes孙静’s connection to them. This violates consistency: in a first encounter at the cafeteria line, a student wouldn’t spontaneously reference a shared third person with such nuanced concern and self-aware meta-reflection—especially without naming or contextualizing “君”. It also risks hallucination (introducing unnamed, unestablished characters as emotionally central) and unnatural relationship progression (assuming deep mutual knowledge with “君” and implied shared responsibility for her well-being).
2026-07-17 09:30:52,301 [INFO] [VERIFY-REJECT] 程羲: REJECT: Character inconsistency ×2 — First, “孙阿姨” persists despite prior correction; both speakers continue treating 孙静 as staff (not a peer), contradicting the foundational fact that both are students at 京海中学. Second, the private thought references “she” and “the corridor light” as shared, habitual knowledge (“I often leave the hallway light on”), implying sustained, unspoken collaboration in caring for an absent third party—but no canonical context establishes this dynamic, nor identifies “she”. This compounds earlier hallucination and unnatural relationship progression. Additionally, the poetic abstraction (“bright lights don’t always mean hot meals”) exceeds plausible teenage vernacular cadence without grounding in established voice or backstory—it reads more like literary narration than authentic student dialogue.
2026-07-17 09:30:52,301 [INFO] [VERIFY-REJECT] 程羲: REJECT: Character inconsistency ×2 — First, “孙阿姨” persists despite prior correction; both speakers continue treating 孙静 as staff (not a peer), contradicting the foundational fact that both are students at 京海中学. Second, the private thought references “she” and “the corridor light” as shared, habitual knowledge (“I often leave the hallway light on”), implying sustained, unspoken collaboration in caring for an absent third party—but no canonical context establishes this dynamic, nor identifies “she”. This compounds earlier hallucination and unnatural relationship progression. Additionally, the poetic abstraction (“bright lights don’t always mean hot meals”) exceeds plausible teenage vernacular cadence without grounding in established voice or backstory—it reads more like literary narration than authentic student dialogue.
2026-07-17 09:31:01,801 [INFO] [VERIFY-REJECT] 孙静: REJECT: Character inconsistency — 孙静 claims past experience “working in a restaurant” (“在饭馆帮工”) and references an old scar (“右手虎口旧疤”), implying adulthood, vocational history, and physical wear inconsistent with being a high school student in her teens. This directly contradicts the world-setting: both participants are students at 京海中学 in the 2020s. Additionally, wearing a *qún* (apron) and carrying reading glasses in a school cafeteria line is implausible for a peer—not staff. Her entire demeanor (voice timbre, reflective tone, embodied memory) reads as teacher or custodial staff, not a classmate. This violates foundational identity constraints and constitutes a scope-of-control error in self-portrayal (defining herself outside canon parameters).
2026-07-17 09:31:01,801 [INFO] [VERIFY-REJECT] 孙静: REJECT: Character inconsistency — 孙静 claims past experience “working in a restaurant” (“在饭馆帮工”) and references an old scar (“右手虎口旧疤”), implying adulthood, vocational history, and physical wear inconsistent with being a high school student in her teens. This directly contradicts the world-setting: both participants are students at 京海中学 in the 2020s. Additionally, wearing a *qún* (apron) and carrying reading glasses in a school cafeteria line is implausible for a peer—not staff. Her entire demeanor (voice timbre, reflective tone, embodied memory) reads as teacher or custodial staff, not a classmate. This violates foundational identity constraints and constitutes a scope-of-control error in self-portrayal (defining herself outside canon parameters).
2026-07-17 09:31:12,930 [INFO] [VERIFY-REJECT] 程羲: REJECT: Character inconsistency ×2 — First, “孙阿姨” remains uncorrected despite repeated violations and prior rejections; this is now persistent misalignment with canon (both are peers). Second, the private thought attributes deep empathic recognition to 孙静 (“she knows… she doesn’t say it’s wrong… like looking at her younger self”), projecting adult-level psychological insight and biographical mirroring onto a high school student—exceeding plausible cognitive/emotional range without established narrative groundwork. Additionally, referencing *The Life of Kikujiro* (misnamed here as *The Disliked松子*, likely confusing it with *Memories of Matsuko*) shows either hallucinated title or inaccurate cultural reference (the correct Chinese title for *Memories of Matsuko* is 《被嫌弃的松子的一生》, but its thematic weight and usage here assumes literary fluency inconsistent with casual teen behavior unless previously established—which it isn’t). This crosses cognitive boundary and character consistency thresholds.
2026-07-17 09:31:12,930 [INFO] [VERIFY-REJECT] 程羲: REJECT: Character inconsistency ×2 — First, “孙阿姨” remains uncorrected despite repeated violations and prior rejections; this is now persistent misalignment with canon (both are peers). Second, the private thought attributes deep empathic recognition to 孙静 (“she knows… she doesn’t say it’s wrong… like looking at her younger self”), projecting adult-level psychological insight and biographical mirroring onto a high school student—exceeding plausible cognitive/emotional range without established narrative groundwork. Additionally, referencing *The Life of Kikujiro* (misnamed here as *The Disliked松子*, likely confusing it with *Memories of Matsuko*) shows either hallucinated title or inaccurate cultural reference (the correct Chinese title for *Memories of Matsuko* is 《被嫌弃的松子的一生》, but its thematic weight and usage here assumes literary fluency inconsistent with casual teen behavior unless previously established—which it isn’t). This crosses cognitive boundary and character consistency thresholds.
2026-07-17 09:31:20,789 [INFO] [VERIFY-JOINT-GIFTS] Recording 0 gift transactions for outcome
2026-07-17 09:31:20,789 [INFO] [VERIFY-JOINT-GIFTS] Recording 0 gift transactions for outcome
2026-07-17 09:31:20,789 [INFO] [VERIFY-JOINT-STEP1] ========== EVALUATE: GodModel evaluates all participants ==========
2026-07-17 09:31:20,789 [INFO] [VERIFY-JOINT-STEP1] ========== EVALUATE: GodModel evaluates all participants ==========
2026-07-17 09:31:20,789 [INFO] [VERIFY-JOINT-STEP1] Dialog turns: 39
2026-07-17 09:31:20,789 [INFO] [VERIFY-JOINT-STEP1] Dialog turns: 39
2026-07-17 09:31:23,844 [INFO] [VERIFY-JOINT-STEP1] Evaluation completed, 2 outcomes generated
2026-07-17 09:31:23,844 [INFO] [VERIFY-JOINT-STEP1] Evaluation completed, 2 outcomes generated
2026-07-17 09:31:23,844 [INFO] [VERIFY-JOINT-STEP1] 君: delta_vitality=1, delta_fulfillment={'mood': 4, 'social': 5, 'esteem': 2}, delta_skills={'self_regulation': 1, 'observation_and_memory': 0.5}, items_sent=[], items_received=[]
2026-07-17 09:31:23,844 [INFO] [VERIFY-JOINT-STEP1] 君: delta_vitality=1, delta_fulfillment={'mood': 4, 'social': 5, 'esteem': 2}, delta_skills={'self_regulation': 1, 'observation_and_memory': 0.5}, items_sent=[], items_received=[]
2026-07-17 09:31:23,844 [INFO] [VERIFY-JOINT-STEP1] 堀北: delta_vitality=0, delta_fulfillment={'mood': 5, 'social': 5, 'esteem': 2}, delta_skills={'observation_and_memory': 1, 'self_regulation': 1}, items_sent=[], items_received=[]
2026-07-17 09:31:23,844 [INFO] [VERIFY-JOINT-STEP1] 堀北: delta_vitality=0, delta_fulfillment={'mood': 5, 'social': 5, 'esteem': 2}, delta_skills={'observation_and_memory': 1, 'self_regulation': 1}, items_sent=[], items_received=[]
2026-07-17 09:31:23,844 [INFO] [VERIFY-JOINT-STEP2] ========== RECEIVE: each agent receives outcome ==========
2026-07-17 09:31:23,844 [INFO] [VERIFY-JOINT-STEP2] ========== RECEIVE: each agent receives outcome ==========
2026-07-17 09:31:23,844 [INFO] [VERIFY-JOINT-STEP2] 君 received outcome message
2026-07-17 09:31:23,844 [INFO] [VERIFY-JOINT-STEP2] 君 received outcome message
2026-07-17 09:31:23,844 [INFO] [VERIFY-JOINT-STEP2] 堀北 received outcome message
2026-07-17 09:31:23,844 [INFO] [VERIFY-JOINT-STEP2] 堀北 received outcome message
2026-07-17 09:31:23,844 [INFO] [VERIFY-JOINT-STEP3] ========== EXIT: generate summary ==========
2026-07-17 09:31:23,844 [INFO] [VERIFY-JOINT-STEP3] ========== EXIT: generate summary ==========
2026-07-17 09:31:24,128 [INFO] [VERIFY-REJECT] 孙静: REJECT: Character inconsistency ×3 — (1) “围裙口袋” and “老板教我熬高汤” reaffirm non-student identity; 孙静 is framed as former restaurant worker and current staff (wearing an apron), violating core premise that she is a student. (2) “Son mailed it”—implies adult familial role (parent-child relationship), impossible for a high schooler. (3) The metaphorical depth (“some things sink because they’re too full… heart won’t let go until stomach warms”) exceeds typical adolescent expressive range *without prior establishment* of literary or philosophical inclination; it reads as authored narration, not organic teen voice. All three compound prior violations, making this a systemic breakdown of character grounding—not stylistic choice, but canonical contradiction.
2026-07-17 09:31:24,128 [INFO] [VERIFY-REJECT] 孙静: REJECT: Character inconsistency ×3 — (1) “围裙口袋” and “老板教我熬高汤” reaffirm non-student identity; 孙静 is framed as former restaurant worker and current staff (wearing an apron), violating core premise that she is a student. (2) “Son mailed it”—implies adult familial role (parent-child relationship), impossible for a high schooler. (3) The metaphorical depth (“some things sink because they’re too full… heart won’t let go until stomach warms”) exceeds typical adolescent expressive range *without prior establishment* of literary or philosophical inclination; it reads as authored narration, not organic teen voice. All three compound prior violations, making this a systemic breakdown of character grounding—not stylistic choice, but canonical contradiction.
2026-07-17 09:31:25,952 [INFO] [VERIFY-JOINT-GIFTS] Recording 0 gift transactions for outcome
2026-07-17 09:31:25,952 [INFO] [VERIFY-JOINT-GIFTS] Recording 0 gift transactions for outcome
2026-07-17 09:31:25,952 [INFO] [VERIFY-JOINT-STEP1] ========== EVALUATE: GodModel evaluates all participants ==========
2026-07-17 09:31:25,952 [INFO] [VERIFY-JOINT-STEP1] ========== EVALUATE: GodModel evaluates all participants ==========
2026-07-17 09:31:25,952 [INFO] [VERIFY-JOINT-STEP1] Dialog turns: 39
2026-07-17 09:31:25,952 [INFO] [VERIFY-JOINT-STEP1] Dialog turns: 39
2026-07-17 09:31:29,007 [INFO] [VERIFY-JOINT-STEP1] Evaluation completed, 2 outcomes generated
2026-07-17 09:31:29,007 [INFO] [VERIFY-JOINT-STEP1] Evaluation completed, 2 outcomes generated
2026-07-17 09:31:29,007 [INFO] [VERIFY-JOINT-STEP1] 何敏: delta_vitality=-1, delta_fulfillment={'mood': 4, 'social': 5, 'esteem': 2}, delta_skills={'observation': 2}, items_sent=[], items_received=[]
2026-07-17 09:31:29,007 [INFO] [VERIFY-JOINT-STEP1] 何敏: delta_vitality=-1, delta_fulfillment={'mood': 4, 'social': 5, 'esteem': 2}, delta_skills={'observation': 2}, items_sent=[], items_received=[]
2026-07-17 09:31:29,007 [INFO] [VERIFY-JOINT-STEP1] 叶: delta_vitality=-2, delta_fulfillment={'mood': 3, 'social': 5, 'esteem': 1}, delta_skills={'interpersonal_communication': 1, 'emotional_regulation': 1}, items_sent=[], items_received=[]
2026-07-17 09:31:29,007 [INFO] [VERIFY-JOINT-STEP1] 叶: delta_vitality=-2, delta_fulfillment={'mood': 3, 'social': 5, 'esteem': 1}, delta_skills={'interpersonal_communication': 1, 'emotional_regulation': 1}, items_sent=[], items_received=[]
2026-07-17 09:31:29,007 [INFO] [VERIFY-JOINT-STEP2] ========== RECEIVE: each agent receives outcome ==========
2026-07-17 09:31:29,007 [INFO] [VERIFY-JOINT-STEP2] ========== RECEIVE: each agent receives outcome ==========
2026-07-17 09:31:29,007 [INFO] [VERIFY-JOINT-STEP2] 何敏 received outcome message
2026-07-17 09:31:29,007 [INFO] [VERIFY-JOINT-STEP2] 何敏 received outcome message
2026-07-17 09:31:29,007 [INFO] [VERIFY-JOINT-STEP2] 叶 received outcome message
2026-07-17 09:31:29,007 [INFO] [VERIFY-JOINT-STEP2] 叶 received outcome message
2026-07-17 09:31:29,007 [INFO] [VERIFY-JOINT-STEP3] ========== EXIT: generate summary ==========
2026-07-17 09:31:29,007 [INFO] [VERIFY-JOINT-STEP3] ========== EXIT: generate summary ==========
2026-07-17 09:31:30,584 [INFO] [VERIFY-JOINT-STEP3] 君 summary length: 149
2026-07-17 09:31:30,584 [INFO] [VERIFY-JOINT-STEP3] 君 summary length: 149
2026-07-17 09:31:30,585 [INFO] [VERIFY-JOINT-STEP3] 君 reflection length: 280
2026-07-17 09:31:30,585 [INFO] [VERIFY-JOINT-STEP3] 君 reflection length: 280
2026-07-17 09:31:34,796 [INFO] [VERIFY-REJECT] 程羲: REJECT: Character inconsistency (persistent) — “孙阿姨” continues unchecked despite six prior rejections; this is no longer oversight—it’s deliberate misalignment with canon. Further, the private thought explicitly labels 孙静 as *“adult”* (“大人也会用最平常的话…”), confirming程羲 perceives her as authority/older figure—not peer. Yet the activity framework mandates both are students. Additionally, “围裙上洗得发灰的蓝布角” reinforces non-student visual coding (apron = staff uniform), violating physical plausibility for a high schooler in lunchline attire. The metaphorical sophistication (“heart won’t let go until stomach warms”) remains ungrounded in established teen voice or backstory. This violates foundational identity, environmental logic, and character consistency simultaneously.
2026-07-17 09:31:34,796 [INFO] [VERIFY-REJECT] 程羲: REJECT: Character inconsistency (persistent) — “孙阿姨” continues unchecked despite six prior rejections; this is no longer oversight—it’s deliberate misalignment with canon. Further, the private thought explicitly labels 孙静 as *“adult”* (“大人也会用最平常的话…”), confirming程羲 perceives her as authority/older figure—not peer. Yet the activity framework mandates both are students. Additionally, “围裙上洗得发灰的蓝布角” reinforces non-student visual coding (apron = staff uniform), violating physical plausibility for a high schooler in lunchline attire. The metaphorical sophistication (“heart won’t let go until stomach warms”) remains ungrounded in established teen voice or backstory. This violates foundational identity, environmental logic, and character consistency simultaneously.
2026-07-17 09:31:35,246 [INFO] [VERIFY-JOINT-STEP3] 何敏 summary length: 175
2026-07-17 09:31:35,246 [INFO] [VERIFY-JOINT-STEP3] 何敏 summary length: 175
2026-07-17 09:31:35,246 [INFO] [VERIFY-JOINT-STEP3] 何敏 reflection length: 202
2026-07-17 09:31:35,246 [INFO] [VERIFY-JOINT-STEP3] 何敏 reflection length: 202
2026-07-17 09:31:39,005 [INFO] [VERIFY-JOINT-STEP3] 堀北 summary length: 721
2026-07-17 09:31:39,005 [INFO] [VERIFY-JOINT-STEP3] 堀北 summary length: 721
2026-07-17 09:31:39,005 [INFO] [VERIFY-JOINT-STEP3] 堀北 reflection length: 653
2026-07-17 09:31:39,005 [INFO] [VERIFY-JOINT-STEP3] 堀北 reflection length: 653
2026-07-17 09:31:39,005 [INFO] [VERIFY-JOINT-STEP4] ========== APPLY: apply state changes ==========
2026-07-17 09:31:39,005 [INFO] [VERIFY-JOINT-STEP4] ========== APPLY: apply state changes ==========
2026-07-17 09:31:39,006 [INFO] [VERIFY-JOINT-STEP4] Applied all changes for 君 (possessions=5, vitality_delta=1)
2026-07-17 09:31:39,006 [INFO] [VERIFY-JOINT-STEP4] Applied all changes for 君 (possessions=5, vitality_delta=1)
2026-07-17 09:31:39,006 [INFO] [VERIFY-JOINT-STEP4] Applied all changes for 堀北 (possessions=4, vitality_delta=0)
2026-07-17 09:31:39,006 [INFO] [VERIFY-JOINT-STEP4] Applied all changes for 堀北 (possessions=4, vitality_delta=0)
2026-07-17 09:31:39,006 [INFO] [VERIFY-JOINT-STEP5] ========== CONSISTENCY: verify state changes ==========
2026-07-17 09:31:39,006 [INFO] [VERIFY-JOINT-STEP5] ========== CONSISTENCY: verify state changes ==========
2026-07-17 09:31:39,006 [INFO] [VERIFY-JOINT-STEP5] 君 vitality delta verified: 1
2026-07-17 09:31:39,006 [INFO] [VERIFY-JOINT-STEP5] 君 vitality delta verified: 1
2026-07-17 09:31:39,006 [INFO] [VERIFY-JOINT-STEP5] 君 mood delta verified: 4
2026-07-17 09:31:39,006 [INFO] [VERIFY-JOINT-STEP5] 君 mood delta verified: 4
2026-07-17 09:31:39,006 [INFO] [VERIFY-JOINT-STEP5] 君 social delta verified: 5
2026-07-17 09:31:39,006 [INFO] [VERIFY-JOINT-STEP5] 君 social delta verified: 5
2026-07-17 09:31:39,006 [INFO] [VERIFY-JOINT-STEP5] 君 esteem delta verified: 2
2026-07-17 09:31:39,006 [INFO] [VERIFY-JOINT-STEP5] 君 esteem delta verified: 2
2026-07-17 09:31:39,006 [INFO] [VERIFY-JOINT-STEP5] 堀北 vitality delta verified: 0
2026-07-17 09:31:39,006 [INFO] [VERIFY-JOINT-STEP5] 堀北 vitality delta verified: 0
2026-07-17 09:31:39,006 [INFO] [VERIFY-JOINT-STEP5] 堀北 mood delta verified: 5
2026-07-17 09:31:39,006 [INFO] [VERIFY-JOINT-STEP5] 堀北 mood delta verified: 5
2026-07-17 09:31:39,006 [INFO] [VERIFY-JOINT-STEP5] 堀北 social delta verified: 5
2026-07-17 09:31:39,006 [INFO] [VERIFY-JOINT-STEP5] 堀北 social delta verified: 5
2026-07-17 09:31:39,006 [INFO] [VERIFY-JOINT-STEP5] 堀北 esteem delta verified: 2.0
2026-07-17 09:31:39,006 [INFO] [VERIFY-JOINT-STEP5] 堀北 esteem delta verified: 2.0
2026-07-17 09:31:39,006 [INFO] [VERIFY-JOINT-STEP6] ========== RECORD: save records ==========
2026-07-17 09:31:39,006 [INFO] [VERIFY-JOINT-STEP6] ========== RECORD: save records ==========
2026-07-17 09:31:39,007 [INFO] [VERIFY-JOINT-STEP6] Saved record for 君
2026-07-17 09:31:39,007 [INFO] [VERIFY-JOINT-STEP6] Saved record for 君
2026-07-17 09:31:39,007 [INFO] [VERIFY-JOINT-STEP6] Saved record for 堀北
2026-07-17 09:31:39,007 [INFO] [VERIFY-JOINT-STEP6] Saved record for 堀北
2026-07-17 09:31:39,007 [INFO] [VERIFY-JOINT] ========== Joint activity completed for all 2 participants ==========
2026-07-17 09:31:39,007 [INFO] [VERIFY-JOINT] ========== Joint activity completed for all 2 participants ==========
2026-07-17 09:31:39,007 [INFO] [VERIFY-JOINT] ========== Starting joint activity at Y2020-W01-activity-D2 ==========
2026-07-17 09:31:39,007 [INFO] [VERIFY-JOINT] ========== Starting joint activity at Y2020-W01-activity-D2 ==========
2026-07-17 09:31:39,007 [INFO] [VERIFY-JOINT] Activity: Encounter-岑旭-林珈, Location: 心理社团活动室
2026-07-17 09:31:39,007 [INFO] [VERIFY-JOINT] Activity: Encounter-岑旭-林珈, Location: 心理社团活动室
2026-07-17 09:31:39,007 [INFO] [VERIFY-JOINT] Participants: ['岑旭', '林珈']
2026-07-17 09:31:39,007 [INFO] [VERIFY-JOINT] Participants: ['岑旭', '林珈']
2026-07-17 09:31:39,007 [INFO] [VERIFY-JOINT] Proposer: None
2026-07-17 09:31:39,007 [INFO] [VERIFY-JOINT] Proposer: None
2026-07-17 09:31:39,008 [INFO] [VERIFY-JOINT-STATE] 岑旭 before: vitality=67, fulfillment={'mood': 44, 'material': 45, 'social': 43, 'esteem': 44}, possessions=4
2026-07-17 09:31:39,008 [INFO] [VERIFY-JOINT-STATE] 岑旭 before: vitality=67, fulfillment={'mood': 44, 'material': 45, 'social': 43, 'esteem': 44}, possessions=4
2026-07-17 09:31:39,008 [INFO] [VERIFY-JOINT-STATE] 林珈 before: vitality=70, fulfillment={'mood': 45, 'material': 50, 'social': 44, 'esteem': 44}, possessions=5
2026-07-17 09:31:39,008 [INFO] [VERIFY-JOINT-STATE] 林珈 before: vitality=70, fulfillment={'mood': 45, 'material': 50, 'social': 44, 'esteem': 44}, possessions=5
2026-07-17 09:31:40,739 [INFO] [VERIFY-JOINT-STEP3] 叶 summary length: 176
2026-07-17 09:31:40,739 [INFO] [VERIFY-JOINT-STEP3] 叶 summary length: 176
2026-07-17 09:31:40,739 [INFO] [VERIFY-JOINT-STEP3] 叶 reflection length: 205
2026-07-17 09:31:40,739 [INFO] [VERIFY-JOINT-STEP3] 叶 reflection length: 205
2026-07-17 09:31:40,739 [INFO] [VERIFY-JOINT-STEP4] ========== APPLY: apply state changes ==========
2026-07-17 09:31:40,739 [INFO] [VERIFY-JOINT-STEP4] ========== APPLY: apply state changes ==========
2026-07-17 09:31:40,739 [INFO] [VERIFY-JOINT-STEP4] Applied all changes for 何敏 (possessions=4, vitality_delta=-1)
2026-07-17 09:31:40,739 [INFO] [VERIFY-JOINT-STEP4] Applied all changes for 何敏 (possessions=4, vitality_delta=-1)
2026-07-17 09:31:40,740 [INFO] [VERIFY-JOINT-STEP4] Applied all changes for 叶 (possessions=4, vitality_delta=-2)
2026-07-17 09:31:40,740 [INFO] [VERIFY-JOINT-STEP4] Applied all changes for 叶 (possessions=4, vitality_delta=-2)
2026-07-17 09:31:40,740 [INFO] [VERIFY-JOINT-STEP5] ========== CONSISTENCY: verify state changes ==========
2026-07-17 09:31:40,740 [INFO] [VERIFY-JOINT-STEP5] ========== CONSISTENCY: verify state changes ==========
2026-07-17 09:31:40,740 [INFO] [VERIFY-JOINT-STEP5] 何敏 vitality delta verified: -1
2026-07-17 09:31:40,740 [INFO] [VERIFY-JOINT-STEP5] 何敏 vitality delta verified: -1
2026-07-17 09:31:40,740 [INFO] [VERIFY-JOINT-STEP5] 何敏 mood delta verified: 4
2026-07-17 09:31:40,740 [INFO] [VERIFY-JOINT-STEP5] 何敏 mood delta verified: 4
2026-07-17 09:31:40,740 [INFO] [VERIFY-JOINT-STEP5] 何敏 social delta verified: 5
2026-07-17 09:31:40,740 [INFO] [VERIFY-JOINT-STEP5] 何敏 social delta verified: 5
2026-07-17 09:31:40,740 [INFO] [VERIFY-JOINT-STEP5] 何敏 esteem delta verified: 2
2026-07-17 09:31:40,740 [INFO] [VERIFY-JOINT-STEP5] 何敏 esteem delta verified: 2
2026-07-17 09:31:40,740 [INFO] [VERIFY-JOINT-STEP5] 叶 vitality delta verified: -2
2026-07-17 09:31:40,740 [INFO] [VERIFY-JOINT-STEP5] 叶 vitality delta verified: -2
2026-07-17 09:31:40,740 [INFO] [VERIFY-JOINT-STEP5] 叶 mood delta verified: 3
2026-07-17 09:31:40,740 [INFO] [VERIFY-JOINT-STEP5] 叶 mood delta verified: 3
2026-07-17 09:31:40,740 [INFO] [VERIFY-JOINT-STEP5] 叶 social delta verified: 5
2026-07-17 09:31:40,740 [INFO] [VERIFY-JOINT-STEP5] 叶 social delta verified: 5
2026-07-17 09:31:40,740 [INFO] [VERIFY-JOINT-STEP5] 叶 esteem delta verified: 1
2026-07-17 09:31:40,740 [INFO] [VERIFY-JOINT-STEP5] 叶 esteem delta verified: 1
2026-07-17 09:31:40,740 [INFO] [VERIFY-JOINT-STEP6] ========== RECORD: save records ==========
2026-07-17 09:31:40,740 [INFO] [VERIFY-JOINT-STEP6] ========== RECORD: save records ==========
2026-07-17 09:31:40,741 [INFO] [VERIFY-JOINT-STEP6] Saved record for 何敏
2026-07-17 09:31:40,741 [INFO] [VERIFY-JOINT-STEP6] Saved record for 何敏
2026-07-17 09:31:40,741 [INFO] [VERIFY-JOINT-STEP6] Saved record for 叶
2026-07-17 09:31:40,741 [INFO] [VERIFY-JOINT-STEP6] Saved record for 叶
2026-07-17 09:31:40,741 [INFO] [VERIFY-JOINT] ========== Joint activity completed for all 2 participants ==========
2026-07-17 09:31:40,741 [INFO] [VERIFY-JOINT] ========== Joint activity completed for all 2 participants ==========
2026-07-17 09:31:40,741 [INFO] [VERIFY-JOINT] ========== Starting joint activity at Y2020-W01-activity-D2 ==========
2026-07-17 09:31:40,741 [INFO] [VERIFY-JOINT] ========== Starting joint activity at Y2020-W01-activity-D2 ==========
2026-07-17 09:31:40,741 [INFO] [VERIFY-JOINT] Activity: Encounter-峰-朴, Location: 体育馆器材室
2026-07-17 09:31:40,741 [INFO] [VERIFY-JOINT] Activity: Encounter-峰-朴, Location: 体育馆器材室
2026-07-17 09:31:40,741 [INFO] [VERIFY-JOINT] Participants: ['峰', '朴']
2026-07-17 09:31:40,741 [INFO] [VERIFY-JOINT] Participants: ['峰', '朴']
2026-07-17 09:31:40,741 [INFO] [VERIFY-JOINT] Proposer: None
2026-07-17 09:31:40,741 [INFO] [VERIFY-JOINT] Proposer: None
2026-07-17 09:31:40,741 [INFO] [VERIFY-JOINT-STATE] 峰 before: vitality=67, fulfillment={'mood': 45, 'material': 45, 'social': 48, 'esteem': 45}, possessions=4
2026-07-17 09:31:40,741 [INFO] [VERIFY-JOINT-STATE] 峰 before: vitality=67, fulfillment={'mood': 45, 'material': 45, 'social': 48, 'esteem': 45}, possessions=4
2026-07-17 09:31:40,742 [INFO] [VERIFY-JOINT-STATE] 朴 before: vitality=70, fulfillment={'mood': 46, 'material': 45, 'social': 45, 'esteem': 44}, possessions=4
2026-07-17 09:31:40,742 [INFO] [VERIFY-JOINT-STATE] 朴 before: vitality=70, fulfillment={'mood': 46, 'material': 45, 'social': 45, 'esteem': 44}, possessions=4
2026-07-17 09:31:43,358 [INFO] [VERIFY-JOINT-GIFTS] Recording 0 gift transactions for outcome
2026-07-17 09:31:43,358 [INFO] [VERIFY-JOINT-GIFTS] Recording 0 gift transactions for outcome
2026-07-17 09:31:43,358 [INFO] [VERIFY-JOINT-STEP1] ========== EVALUATE: GodModel evaluates all participants ==========
2026-07-17 09:31:43,358 [INFO] [VERIFY-JOINT-STEP1] ========== EVALUATE: GodModel evaluates all participants ==========
2026-07-17 09:31:43,358 [INFO] [VERIFY-JOINT-STEP1] Dialog turns: 39
2026-07-17 09:31:43,358 [INFO] [VERIFY-JOINT-STEP1] Dialog turns: 39
2026-07-17 09:31:45,449 [INFO] [VERIFY-JOINT-GIFTS] Recording 0 gift transactions for outcome
2026-07-17 09:31:45,449 [INFO] [VERIFY-JOINT-GIFTS] Recording 0 gift transactions for outcome
2026-07-17 09:31:45,449 [INFO] [VERIFY-JOINT-STEP1] ========== EVALUATE: GodModel evaluates all participants ==========
2026-07-17 09:31:45,449 [INFO] [VERIFY-JOINT-STEP1] ========== EVALUATE: GodModel evaluates all participants ==========
2026-07-17 09:31:45,449 [INFO] [VERIFY-JOINT-STEP1] Dialog turns: 39
2026-07-17 09:31:45,449 [INFO] [VERIFY-JOINT-STEP1] Dialog turns: 39
2026-07-17 09:31:46,411 [INFO] [VERIFY-JOINT-GIFTS] Recording 0 gift transactions for outcome
2026-07-17 09:31:46,411 [INFO] [VERIFY-JOINT-GIFTS] Recording 0 gift transactions for outcome
2026-07-17 09:31:46,411 [INFO] [VERIFY-JOINT-STEP1] ========== EVALUATE: GodModel evaluates all participants ==========
2026-07-17 09:31:46,411 [INFO] [VERIFY-JOINT-STEP1] ========== EVALUATE: GodModel evaluates all participants ==========
2026-07-17 09:31:46,411 [INFO] [VERIFY-JOINT-STEP1] Dialog turns: 39
2026-07-17 09:31:46,411 [INFO] [VERIFY-JOINT-STEP1] Dialog turns: 39
2026-07-17 09:31:46,801 [INFO] [VERIFY-JOINT-STEP1] Evaluation completed, 2 outcomes generated
2026-07-17 09:31:46,801 [INFO] [VERIFY-JOINT-STEP1] Evaluation completed, 2 outcomes generated
2026-07-17 09:31:46,801 [INFO] [VERIFY-JOINT-STEP1] 刘世刚: delta_vitality=-2, delta_fulfillment={'mood': 3, 'social': 5, 'esteem': 2}, delta_skills={}, items_sent=[], items_received=[]
2026-07-17 09:31:46,801 [INFO] [VERIFY-JOINT-STEP1] 刘世刚: delta_vitality=-2, delta_fulfillment={'mood': 3, 'social': 5, 'esteem': 2}, delta_skills={}, items_sent=[], items_received=[]
2026-07-17 09:31:46,801 [INFO] [VERIFY-JOINT-STEP1] 刘铭: delta_vitality=-3, delta_fulfillment={'mood': 4, 'social': 5, 'esteem': 3}, delta_skills={}, items_sent=[], items_received=[]
2026-07-17 09:31:46,801 [INFO] [VERIFY-JOINT-STEP1] 刘铭: delta_vitality=-3, delta_fulfillment={'mood': 4, 'social': 5, 'esteem': 3}, delta_skills={}, items_sent=[], items_received=[]
2026-07-17 09:31:46,801 [INFO] [VERIFY-JOINT-STEP2] ========== RECEIVE: each agent receives outcome ==========
2026-07-17 09:31:46,801 [INFO] [VERIFY-JOINT-STEP2] ========== RECEIVE: each agent receives outcome ==========
2026-07-17 09:31:46,801 [INFO] [VERIFY-JOINT-STEP2] 刘世刚 received outcome message
2026-07-17 09:31:46,801 [INFO] [VERIFY-JOINT-STEP2] 刘世刚 received outcome message
2026-07-17 09:31:46,801 [INFO] [VERIFY-JOINT-STEP2] 刘铭 received outcome message
2026-07-17 09:31:46,801 [INFO] [VERIFY-JOINT-STEP2] 刘铭 received outcome message
2026-07-17 09:31:46,801 [INFO] [VERIFY-JOINT-STEP3] ========== EXIT: generate summary ==========
2026-07-17 09:31:46,801 [INFO] [VERIFY-JOINT-STEP3] ========== EXIT: generate summary ==========
2026-07-17 09:31:49,880 [INFO] [VERIFY-JOINT-STEP1] Evaluation completed, 2 outcomes generated
2026-07-17 09:31:49,880 [INFO] [VERIFY-JOINT-STEP1] Evaluation completed, 2 outcomes generated
2026-07-17 09:31:49,880 [INFO] [VERIFY-JOINT-STEP1] 宁颂: delta_vitality=1, delta_fulfillment={'mood': 4, 'social': 5, 'esteem': 2}, delta_skills={'listening_and_communication': 2, 'psychology_base': 1}, items_sent=[], items_received=[]
2026-07-17 09:31:49,880 [INFO] [VERIFY-JOINT-STEP1] 宁颂: delta_vitality=1, delta_fulfillment={'mood': 4, 'social': 5, 'esteem': 2}, delta_skills={'listening_and_communication': 2, 'psychology_base': 1}, items_sent=[], items_received=[]
2026-07-17 09:31:49,880 [INFO] [VERIFY-JOINT-STEP1] 牛广原: delta_vitality=-2, delta_fulfillment={'mood': 3, 'social': 5, 'esteem': 1}, delta_skills={'presence_and_attunement': 1, 'crisis_intervention': 0.5}, items_sent=[], items_received=[]
2026-07-17 09:31:49,880 [INFO] [VERIFY-JOINT-STEP1] 牛广原: delta_vitality=-2, delta_fulfillment={'mood': 3, 'social': 5, 'esteem': 1}, delta_skills={'presence_and_attunement': 1, 'crisis_intervention': 0.5}, items_sent=[], items_received=[]
2026-07-17 09:31:49,880 [INFO] [VERIFY-JOINT-STEP2] ========== RECEIVE: each agent receives outcome ==========
2026-07-17 09:31:49,880 [INFO] [VERIFY-JOINT-STEP2] ========== RECEIVE: each agent receives outcome ==========
2026-07-17 09:31:49,880 [INFO] [VERIFY-JOINT-STEP2] 宁颂 received outcome message
2026-07-17 09:31:49,880 [INFO] [VERIFY-JOINT-STEP2] 宁颂 received outcome message
2026-07-17 09:31:49,880 [INFO] [VERIFY-JOINT-STEP2] 牛广原 received outcome message
2026-07-17 09:31:49,880 [INFO] [VERIFY-JOINT-STEP2] 牛广原 received outcome message
2026-07-17 09:31:49,880 [INFO] [VERIFY-JOINT-STEP3] ========== EXIT: generate summary ==========
2026-07-17 09:31:49,880 [INFO] [VERIFY-JOINT-STEP3] ========== EXIT: generate summary ==========
2026-07-17 09:31:49,980 [INFO] [VERIFY-JOINT-STEP1] Evaluation completed, 2 outcomes generated
2026-07-17 09:31:49,980 [INFO] [VERIFY-JOINT-STEP1] Evaluation completed, 2 outcomes generated
2026-07-17 09:31:49,980 [INFO] [VERIFY-JOINT-STEP1] 周原: delta_vitality=0, delta_fulfillment={'mood': 4, 'social': 5, 'esteem': 2}, delta_skills={'tactical_analysis': 2}, items_sent=[], items_received=[]
2026-07-17 09:31:49,980 [INFO] [VERIFY-JOINT-STEP1] 周原: delta_vitality=0, delta_fulfillment={'mood': 4, 'social': 5, 'esteem': 2}, delta_skills={'tactical_analysis': 2}, items_sent=[], items_received=[]
2026-07-17 09:31:49,981 [INFO] [VERIFY-JOINT-STEP1] 姜鑫: delta_vitality=-1, delta_fulfillment={'mood': 3, 'social': 5, 'esteem': 2}, delta_skills={'observational_reasoning': 3}, items_sent=[], items_received=[]
2026-07-17 09:31:49,981 [INFO] [VERIFY-JOINT-STEP1] 姜鑫: delta_vitality=-1, delta_fulfillment={'mood': 3, 'social': 5, 'esteem': 2}, delta_skills={'observational_reasoning': 3}, items_sent=[], items_received=[]
2026-07-17 09:31:49,981 [INFO] [VERIFY-JOINT-STEP2] ========== RECEIVE: each agent receives outcome ==========
2026-07-17 09:31:49,981 [INFO] [VERIFY-JOINT-STEP2] ========== RECEIVE: each agent receives outcome ==========
2026-07-17 09:31:49,981 [INFO] [VERIFY-JOINT-STEP2] 周原 received outcome message
2026-07-17 09:31:49,981 [INFO] [VERIFY-JOINT-STEP2] 周原 received outcome message
2026-07-17 09:31:49,981 [INFO] [VERIFY-JOINT-STEP2] 姜鑫 received outcome message
2026-07-17 09:31:49,981 [INFO] [VERIFY-JOINT-STEP2] 姜鑫 received outcome message
2026-07-17 09:31:49,981 [INFO] [VERIFY-JOINT-STEP3] ========== EXIT: generate summary ==========
2026-07-17 09:31:49,981 [INFO] [VERIFY-JOINT-STEP3] ========== EXIT: generate summary ==========
2026-07-17 09:31:55,226 [INFO] [VERIFY-JOINT-STEP3] 宁颂 summary length: 228
2026-07-17 09:31:55,226 [INFO] [VERIFY-JOINT-STEP3] 宁颂 summary length: 228
2026-07-17 09:31:55,226 [INFO] [VERIFY-JOINT-STEP3] 宁颂 reflection length: 213
2026-07-17 09:31:55,226 [INFO] [VERIFY-JOINT-STEP3] 宁颂 reflection length: 213
2026-07-17 09:31:55,477 [INFO] [VERIFY-JOINT-GIFTS] Recording 0 gift transactions for outcome
2026-07-17 09:31:55,477 [INFO] [VERIFY-JOINT-GIFTS] Recording 0 gift transactions for outcome
2026-07-17 09:31:55,477 [INFO] [VERIFY-JOINT-STEP1] ========== EVALUATE: GodModel evaluates all participants ==========
2026-07-17 09:31:55,477 [INFO] [VERIFY-JOINT-STEP1] ========== EVALUATE: GodModel evaluates all participants ==========
2026-07-17 09:31:55,477 [INFO] [VERIFY-JOINT-STEP1] Dialog turns: 39
2026-07-17 09:31:55,477 [INFO] [VERIFY-JOINT-STEP1] Dialog turns: 39
2026-07-17 09:31:58,580 [INFO] [VERIFY-JOINT-STEP1] Evaluation completed, 2 outcomes generated
2026-07-17 09:31:58,580 [INFO] [VERIFY-JOINT-STEP1] Evaluation completed, 2 outcomes generated
2026-07-17 09:31:58,580 [INFO] [VERIFY-JOINT-STEP1] 宋瑶: delta_vitality=-1, delta_fulfillment={'mood': 4, 'social': 5, 'esteem': 2}, delta_skills={'emotional_awareness': 2, 'social_communication': 1}, items_sent=[], items_received=[]
2026-07-17 09:31:58,580 [INFO] [VERIFY-JOINT-STEP1] 宋瑶: delta_vitality=-1, delta_fulfillment={'mood': 4, 'social': 5, 'esteem': 2}, delta_skills={'emotional_awareness': 2, 'social_communication': 1}, items_sent=[], items_received=[]
2026-07-17 09:31:58,580 [INFO] [VERIFY-JOINT-STEP1] 沈珩: delta_vitality=-2, delta_fulfillment={'mood': 3, 'social': 5, 'esteem': 2}, delta_skills={'information_collection_and_analysis': 1, 'strategic_patience': 1}, items_sent=[], items_received=[]
2026-07-17 09:31:58,580 [INFO] [VERIFY-JOINT-STEP1] 沈珩: delta_vitality=-2, delta_fulfillment={'mood': 3, 'social': 5, 'esteem': 2}, delta_skills={'information_collection_and_analysis': 1, 'strategic_patience': 1}, items_sent=[], items_received=[]
2026-07-17 09:31:58,580 [INFO] [VERIFY-JOINT-STEP2] ========== RECEIVE: each agent receives outcome ==========
2026-07-17 09:31:58,580 [INFO] [VERIFY-JOINT-STEP2] ========== RECEIVE: each agent receives outcome ==========
2026-07-17 09:31:58,580 [INFO] [VERIFY-JOINT-STEP2] 宋瑶 received outcome message
2026-07-17 09:31:58,580 [INFO] [VERIFY-JOINT-STEP2] 宋瑶 received outcome message
2026-07-17 09:31:58,581 [INFO] [VERIFY-JOINT-STEP2] 沈珩 received outcome message
2026-07-17 09:31:58,581 [INFO] [VERIFY-JOINT-STEP2] 沈珩 received outcome message
2026-07-17 09:31:58,581 [INFO] [VERIFY-JOINT-STEP3] ========== EXIT: generate summary ==========
2026-07-17 09:31:58,581 [INFO] [VERIFY-JOINT-STEP3] ========== EXIT: generate summary ==========
2026-07-17 09:31:59,834 [INFO] [VERIFY-JOINT-STEP3] 周原 summary length: 267
2026-07-17 09:31:59,834 [INFO] [VERIFY-JOINT-STEP3] 周原 summary length: 267
2026-07-17 09:31:59,834 [INFO] [VERIFY-JOINT-STEP3] 周原 reflection length: 254
2026-07-17 09:31:59,834 [INFO] [VERIFY-JOINT-STEP3] 周原 reflection length: 254
2026-07-17 09:32:01,585 [INFO] [VERIFY-JOINT-STEP3] 牛广原 summary length: 223
2026-07-17 09:32:01,585 [INFO] [VERIFY-JOINT-STEP3] 牛广原 summary length: 223
2026-07-17 09:32:01,585 [INFO] [VERIFY-JOINT-STEP3] 牛广原 reflection length: 223
2026-07-17 09:32:01,585 [INFO] [VERIFY-JOINT-STEP3] 牛广原 reflection length: 223
2026-07-17 09:32:01,585 [INFO] [VERIFY-JOINT-STEP4] ========== APPLY: apply state changes ==========
2026-07-17 09:32:01,585 [INFO] [VERIFY-JOINT-STEP4] ========== APPLY: apply state changes ==========
2026-07-17 09:32:01,586 [INFO] [VERIFY-JOINT-STEP4] Applied all changes for 宁颂 (possessions=4, vitality_delta=1)
2026-07-17 09:32:01,586 [INFO] [VERIFY-JOINT-STEP4] Applied all changes for 宁颂 (possessions=4, vitality_delta=1)
2026-07-17 09:32:01,587 [INFO] [VERIFY-JOINT-STEP4] Applied all changes for 牛广原 (possessions=5, vitality_delta=-2)
2026-07-17 09:32:01,587 [INFO] [VERIFY-JOINT-STEP4] Applied all changes for 牛广原 (possessions=5, vitality_delta=-2)
2026-07-17 09:32:01,587 [INFO] [VERIFY-JOINT-STEP5] ========== CONSISTENCY: verify state changes ==========
2026-07-17 09:32:01,587 [INFO] [VERIFY-JOINT-STEP5] ========== CONSISTENCY: verify state changes ==========
2026-07-17 09:32:01,587 [INFO] [VERIFY-JOINT-STEP5] 宁颂 vitality delta verified: 1
2026-07-17 09:32:01,587 [INFO] [VERIFY-JOINT-STEP5] 宁颂 vitality delta verified: 1
2026-07-17 09:32:01,587 [INFO] [VERIFY-JOINT-STEP5] 宁颂 mood delta verified: 4
2026-07-17 09:32:01,587 [INFO] [VERIFY-JOINT-STEP5] 宁颂 mood delta verified: 4
2026-07-17 09:32:01,587 [INFO] [VERIFY-JOINT-STEP5] 宁颂 social delta verified: 5
2026-07-17 09:32:01,587 [INFO] [VERIFY-JOINT-STEP5] 宁颂 social delta verified: 5
2026-07-17 09:32:01,587 [INFO] [VERIFY-JOINT-STEP5] 宁颂 esteem delta verified: 2
2026-07-17 09:32:01,587 [INFO] [VERIFY-JOINT-STEP5] 宁颂 esteem delta verified: 2
2026-07-17 09:32:01,587 [INFO] [VERIFY-JOINT-STEP5] 牛广原 vitality delta verified: -2
2026-07-17 09:32:01,587 [INFO] [VERIFY-JOINT-STEP5] 牛广原 vitality delta verified: -2
2026-07-17 09:32:01,587 [INFO] [VERIFY-JOINT-STEP5] 牛广原 mood delta verified: 3
2026-07-17 09:32:01,587 [INFO] [VERIFY-JOINT-STEP5] 牛广原 mood delta verified: 3
2026-07-17 09:32:01,587 [INFO] [VERIFY-JOINT-STEP5] 牛广原 social delta verified: 5
2026-07-17 09:32:01,587 [INFO] [VERIFY-JOINT-STEP5] 牛广原 social delta verified: 5
2026-07-17 09:32:01,587 [INFO] [VERIFY-JOINT-STEP5] 牛广原 esteem delta verified: 1
2026-07-17 09:32:01,587 [INFO] [VERIFY-JOINT-STEP5] 牛广原 esteem delta verified: 1
2026-07-17 09:32:01,587 [INFO] [VERIFY-JOINT-STEP6] ========== RECORD: save records ==========
2026-07-17 09:32:01,587 [INFO] [VERIFY-JOINT-STEP6] ========== RECORD: save records ==========
2026-07-17 09:32:01,587 [INFO] [VERIFY-JOINT-STEP6] Saved record for 宁颂
2026-07-17 09:32:01,587 [INFO] [VERIFY-JOINT-STEP6] Saved record for 宁颂
2026-07-17 09:32:01,588 [INFO] [VERIFY-JOINT-STEP6] Saved record for 牛广原
2026-07-17 09:32:01,588 [INFO] [VERIFY-JOINT-STEP6] Saved record for 牛广原
2026-07-17 09:32:01,588 [INFO] [VERIFY-JOINT] ========== Joint activity completed for all 2 participants ==========
2026-07-17 09:32:01,588 [INFO] [VERIFY-JOINT] ========== Joint activity completed for all 2 participants ==========
2026-07-17 09:32:01,588 [INFO] [VERIFY-JOINT] ========== Starting joint activity at Y2020-W01-activity-D2 ==========
2026-07-17 09:32:01,588 [INFO] [VERIFY-JOINT] ========== Starting joint activity at Y2020-W01-activity-D2 ==========
2026-07-17 09:32:01,588 [INFO] [VERIFY-JOINT] Activity: Encounter-张-律, Location: 教师办公室(高二年级)
2026-07-17 09:32:01,588 [INFO] [VERIFY-JOINT] Activity: Encounter-张-律, Location: 教师办公室(高二年级)
2026-07-17 09:32:01,588 [INFO] [VERIFY-JOINT] Participants: ['张', '律']
2026-07-17 09:32:01,588 [INFO] [VERIFY-JOINT] Participants: ['张', '律']
2026-07-17 09:32:01,588 [INFO] [VERIFY-JOINT] Proposer: None
2026-07-17 09:32:01,588 [INFO] [VERIFY-JOINT] Proposer: None
2026-07-17 09:32:01,588 [INFO] [VERIFY-JOINT-STATE] 张 before: vitality=70, fulfillment={'mood': 45, 'material': 50, 'social': 45, 'esteem': 44}, possessions=4
2026-07-17 09:32:01,588 [INFO] [VERIFY-JOINT-STATE] 张 before: vitality=70, fulfillment={'mood': 45, 'material': 50, 'social': 45, 'esteem': 44}, possessions=4
2026-07-17 09:32:01,588 [INFO] [VERIFY-JOINT-STATE] 律 before: vitality=70, fulfillment={'mood': 44, 'material': 50, 'social': 44, 'esteem': 44}, possessions=6
2026-07-17 09:32:01,588 [INFO] [VERIFY-JOINT-STATE] 律 before: vitality=70, fulfillment={'mood': 44, 'material': 50, 'social': 44, 'esteem': 44}, possessions=6
2026-07-17 09:32:06,042 [INFO] [VERIFY-JOINT-STEP3] 宋瑶 summary length: 810
2026-07-17 09:32:06,042 [INFO] [VERIFY-JOINT-STEP3] 宋瑶 summary length: 810
2026-07-17 09:32:06,042 [INFO] [VERIFY-JOINT-STEP3] 宋瑶 reflection length: 951
2026-07-17 09:32:06,042 [INFO] [VERIFY-JOINT-STEP3] 宋瑶 reflection length: 951
2026-07-17 09:32:06,367 [INFO] [VERIFY-JOINT-STEP3] 姜鑫 summary length: 210
2026-07-17 09:32:06,367 [INFO] [VERIFY-JOINT-STEP3] 姜鑫 summary length: 210
2026-07-17 09:32:06,367 [INFO] [VERIFY-JOINT-STEP3] 姜鑫 reflection length: 215
2026-07-17 09:32:06,367 [INFO] [VERIFY-JOINT-STEP3] 姜鑫 reflection length: 215
2026-07-17 09:32:06,367 [INFO] [VERIFY-JOINT-STEP4] ========== APPLY: apply state changes ==========
2026-07-17 09:32:06,367 [INFO] [VERIFY-JOINT-STEP4] ========== APPLY: apply state changes ==========
2026-07-17 09:32:06,367 [INFO] [VERIFY-JOINT-STEP4] Applied all changes for 周原 (possessions=4, vitality_delta=0)
2026-07-17 09:32:06,367 [INFO] [VERIFY-JOINT-STEP4] Applied all changes for 周原 (possessions=4, vitality_delta=0)
2026-07-17 09:32:06,368 [INFO] [VERIFY-JOINT-STEP4] Applied all changes for 姜鑫 (possessions=4, vitality_delta=-1)
2026-07-17 09:32:06,368 [INFO] [VERIFY-JOINT-STEP4] Applied all changes for 姜鑫 (possessions=4, vitality_delta=-1)
2026-07-17 09:32:06,368 [INFO] [VERIFY-JOINT-STEP5] ========== CONSISTENCY: verify state changes ==========
2026-07-17 09:32:06,368 [INFO] [VERIFY-JOINT-STEP5] ========== CONSISTENCY: verify state changes ==========
2026-07-17 09:32:06,368 [INFO] [VERIFY-JOINT-STEP5] 周原 vitality delta verified: 0
2026-07-17 09:32:06,368 [INFO] [VERIFY-JOINT-STEP5] 周原 vitality delta verified: 0
2026-07-17 09:32:06,368 [INFO] [VERIFY-JOINT-STEP5] 周原 mood delta verified: 4
2026-07-17 09:32:06,368 [INFO] [VERIFY-JOINT-STEP5] 周原 mood delta verified: 4
2026-07-17 09:32:06,368 [INFO] [VERIFY-JOINT-STEP5] 周原 social delta verified: 5
2026-07-17 09:32:06,368 [INFO] [VERIFY-JOINT-STEP5] 周原 social delta verified: 5
2026-07-17 09:32:06,368 [INFO] [VERIFY-JOINT-STEP5] 周原 esteem delta verified: 2
2026-07-17 09:32:06,368 [INFO] [VERIFY-JOINT-STEP5] 周原 esteem delta verified: 2
2026-07-17 09:32:06,368 [INFO] [VERIFY-JOINT-STEP5] 姜鑫 vitality delta verified: -1
2026-07-17 09:32:06,368 [INFO] [VERIFY-JOINT-STEP5] 姜鑫 vitality delta verified: -1
2026-07-17 09:32:06,368 [INFO] [VERIFY-JOINT-STEP5] 姜鑫 mood delta verified: 3
2026-07-17 09:32:06,368 [INFO] [VERIFY-JOINT-STEP5] 姜鑫 mood delta verified: 3
2026-07-17 09:32:06,368 [INFO] [VERIFY-JOINT-STEP5] 姜鑫 social delta verified: 5
2026-07-17 09:32:06,368 [INFO] [VERIFY-JOINT-STEP5] 姜鑫 social delta verified: 5
2026-07-17 09:32:06,368 [INFO] [VERIFY-JOINT-STEP5] 姜鑫 esteem delta verified: 2
2026-07-17 09:32:06,368 [INFO] [VERIFY-JOINT-STEP5] 姜鑫 esteem delta verified: 2
2026-07-17 09:32:06,368 [INFO] [VERIFY-JOINT-STEP6] ========== RECORD: save records ==========
2026-07-17 09:32:06,368 [INFO] [VERIFY-JOINT-STEP6] ========== RECORD: save records ==========
2026-07-17 09:32:06,368 [INFO] [VERIFY-JOINT-STEP6] Saved record for 周原
2026-07-17 09:32:06,368 [INFO] [VERIFY-JOINT-STEP6] Saved record for 周原
2026-07-17 09:32:06,369 [INFO] [VERIFY-JOINT-STEP6] Saved record for 姜鑫
2026-07-17 09:32:06,369 [INFO] [VERIFY-JOINT-STEP6] Saved record for 姜鑫
2026-07-17 09:32:06,369 [INFO] [VERIFY-JOINT] ========== Joint activity completed for all 2 participants ==========
2026-07-17 09:32:06,369 [INFO] [VERIFY-JOINT] ========== Joint activity completed for all 2 participants ==========
2026-07-17 09:32:06,369 [INFO] [VERIFY-JOINT] ========== Starting joint activity at Y2020-W01-activity-D2 ==========
2026-07-17 09:32:06,369 [INFO] [VERIFY-JOINT] ========== Starting joint activity at Y2020-W01-activity-D2 ==========
2026-07-17 09:32:06,369 [INFO] [VERIFY-JOINT] Activity: Encounter-方开来-海, Location: 广播站播音室
2026-07-17 09:32:06,369 [INFO] [VERIFY-JOINT] Activity: Encounter-方开来-海, Location: 广播站播音室
2026-07-17 09:32:06,370 [INFO] [VERIFY-JOINT] Participants: ['方开来', '海']
2026-07-17 09:32:06,370 [INFO] [VERIFY-JOINT] Participants: ['方开来', '海']
2026-07-17 09:32:06,370 [INFO] [VERIFY-JOINT] Proposer: None
2026-07-17 09:32:06,370 [INFO] [VERIFY-JOINT] Proposer: None
2026-07-17 09:32:06,370 [INFO] [VERIFY-JOINT-STATE] 方开来 before: vitality=69, fulfillment={'mood': 41, 'material': 50, 'social': 43, 'esteem': 43}, possessions=5
2026-07-17 09:32:06,370 [INFO] [VERIFY-JOINT-STATE] 方开来 before: vitality=69, fulfillment={'mood': 41, 'material': 50, 'social': 43, 'esteem': 43}, possessions=5
2026-07-17 09:32:06,370 [INFO] [VERIFY-JOINT-STATE] 海 before: vitality=70, fulfillment={'mood': 45, 'material': 50, 'social': 45, 'esteem': 44}, possessions=5
2026-07-17 09:32:06,370 [INFO] [VERIFY-JOINT-STATE] 海 before: vitality=70, fulfillment={'mood': 45, 'material': 50, 'social': 45, 'esteem': 44}, possessions=5
2026-07-17 09:32:13,381 [INFO] [VERIFY-JOINT-STEP3] 沈珩 summary length: 683
2026-07-17 09:32:13,381 [INFO] [VERIFY-JOINT-STEP3] 沈珩 summary length: 683
2026-07-17 09:32:13,381 [INFO] [VERIFY-JOINT-STEP3] 沈珩 reflection length: 833
2026-07-17 09:32:13,381 [INFO] [VERIFY-JOINT-STEP3] 沈珩 reflection length: 833
2026-07-17 09:32:13,381 [INFO] [VERIFY-JOINT-STEP4] ========== APPLY: apply state changes ==========
2026-07-17 09:32:13,381 [INFO] [VERIFY-JOINT-STEP4] ========== APPLY: apply state changes ==========
2026-07-17 09:32:13,381 [INFO] [VERIFY-JOINT-STEP4] Applied all changes for 宋瑶 (possessions=5, vitality_delta=-1)
2026-07-17 09:32:13,381 [INFO] [VERIFY-JOINT-STEP4] Applied all changes for 宋瑶 (possessions=5, vitality_delta=-1)
2026-07-17 09:32:13,382 [INFO] [VERIFY-JOINT-STEP4] Applied all changes for 沈珩 (possessions=5, vitality_delta=-2)
2026-07-17 09:32:13,382 [INFO] [VERIFY-JOINT-STEP4] Applied all changes for 沈珩 (possessions=5, vitality_delta=-2)
2026-07-17 09:32:13,382 [INFO] [VERIFY-JOINT-STEP5] ========== CONSISTENCY: verify state changes ==========
2026-07-17 09:32:13,382 [INFO] [VERIFY-JOINT-STEP5] ========== CONSISTENCY: verify state changes ==========
2026-07-17 09:32:13,382 [INFO] [VERIFY-JOINT-STEP5] 宋瑶 vitality delta verified: -1
2026-07-17 09:32:13,382 [INFO] [VERIFY-JOINT-STEP5] 宋瑶 vitality delta verified: -1
2026-07-17 09:32:13,382 [INFO] [VERIFY-JOINT-STEP5] 宋瑶 mood delta verified: 4
2026-07-17 09:32:13,382 [INFO] [VERIFY-JOINT-STEP5] 宋瑶 mood delta verified: 4
2026-07-17 09:32:13,382 [INFO] [VERIFY-JOINT-STEP5] 宋瑶 social delta verified: 5
2026-07-17 09:32:13,382 [INFO] [VERIFY-JOINT-STEP5] 宋瑶 social delta verified: 5
2026-07-17 09:32:13,382 [INFO] [VERIFY-JOINT-STEP5] 宋瑶 esteem delta verified: 2.0
2026-07-17 09:32:13,382 [INFO] [VERIFY-JOINT-STEP5] 宋瑶 esteem delta verified: 2.0
2026-07-17 09:32:13,382 [INFO] [VERIFY-JOINT-STEP5] 沈珩 vitality delta verified: -2
2026-07-17 09:32:13,382 [INFO] [VERIFY-JOINT-STEP5] 沈珩 vitality delta verified: -2
2026-07-17 09:32:13,382 [INFO] [VERIFY-JOINT-STEP5] 沈珩 mood delta verified: 3
2026-07-17 09:32:13,382 [INFO] [VERIFY-JOINT-STEP5] 沈珩 mood delta verified: 3
2026-07-17 09:32:13,382 [INFO] [VERIFY-JOINT-STEP5] 沈珩 social delta verified: 5
2026-07-17 09:32:13,382 [INFO] [VERIFY-JOINT-STEP5] 沈珩 social delta verified: 5
2026-07-17 09:32:13,382 [INFO] [VERIFY-JOINT-STEP5] 沈珩 esteem delta verified: 2
2026-07-17 09:32:13,382 [INFO] [VERIFY-JOINT-STEP5] 沈珩 esteem delta verified: 2
2026-07-17 09:32:13,382 [INFO] [VERIFY-JOINT-STEP6] ========== RECORD: save records ==========
2026-07-17 09:32:13,382 [INFO] [VERIFY-JOINT-STEP6] ========== RECORD: save records ==========
2026-07-17 09:32:13,383 [INFO] [VERIFY-JOINT-STEP6] Saved record for 宋瑶
2026-07-17 09:32:13,383 [INFO] [VERIFY-JOINT-STEP6] Saved record for 宋瑶
2026-07-17 09:32:13,383 [INFO] [VERIFY-JOINT-STEP6] Saved record for 沈珩
2026-07-17 09:32:13,383 [INFO] [VERIFY-JOINT-STEP6] Saved record for 沈珩
2026-07-17 09:32:13,383 [INFO] [VERIFY-JOINT] ========== Joint activity completed for all 2 participants ==========
2026-07-17 09:32:13,383 [INFO] [VERIFY-JOINT] ========== Joint activity completed for all 2 participants ==========
2026-07-17 09:32:13,383 [INFO] [VERIFY-JOINT] ========== Starting joint activity at Y2020-W01-activity-D2 ==========
2026-07-17 09:32:13,383 [INFO] [VERIFY-JOINT] ========== Starting joint activity at Y2020-W01-activity-D2 ==========
2026-07-17 09:32:13,383 [INFO] [VERIFY-JOINT] Activity: Encounter-朴正浩-潇, Location: 宿舍楼公共洗衣房
2026-07-17 09:32:13,383 [INFO] [VERIFY-JOINT] Activity: Encounter-朴正浩-潇, Location: 宿舍楼公共洗衣房
2026-07-17 09:32:13,383 [INFO] [VERIFY-JOINT] Participants: ['朴正浩', '潇']
2026-07-17 09:32:13,383 [INFO] [VERIFY-JOINT] Participants: ['朴正浩', '潇']
2026-07-17 09:32:13,383 [INFO] [VERIFY-JOINT] Proposer: None
2026-07-17 09:32:13,383 [INFO] [VERIFY-JOINT] Proposer: None
2026-07-17 09:32:13,384 [INFO] [VERIFY-JOINT-STATE] 朴正浩 before: vitality=70, fulfillment={'mood': 46, 'material': 50, 'social': 45, 'esteem': 44}, possessions=4
2026-07-17 09:32:13,384 [INFO] [VERIFY-JOINT-STATE] 朴正浩 before: vitality=70, fulfillment={'mood': 46, 'material': 50, 'social': 45, 'esteem': 44}, possessions=4
2026-07-17 09:32:13,384 [INFO] [VERIFY-JOINT-STATE] 潇 before: vitality=70, fulfillment={'mood': 46, 'material': 50, 'social': 45, 'esteem': 44}, possessions=4
2026-07-17 09:32:13,384 [INFO] [VERIFY-JOINT-STATE] 潇 before: vitality=70, fulfillment={'mood': 46, 'material': 50, 'social': 45, 'esteem': 44}, possessions=4
2026-07-17 09:33:01,078 [INFO] [VERIFY-REJECT] 孙静: REJECT: Character inconsistency (critical mass) — 孙静 is now fully coded as cafeteria staff (“孙姐!”, “冬瓜排骨再匀两勺!”, “灶膛”/“捅炭”/“汤才不糊”), complete with occupational vocabulary, seniority recognition (“孙姐”), and functional role (serving food, managing stove fire). This irreversibly contradicts the activity’s foundational constraint: both participants are *students*. No mechanism exists within the rules to retroactively recast her as staff—this would require exiting the joint activity and restarting with corrected roles. Continuing under this misalignment invalidates all prior turns and breaches world-model integrity. Further, “arm under book” and “red string” remain unexplained narrative props with no grounding in shared context—hallucinated continuity.
2026-07-17 09:33:01,078 [INFO] [VERIFY-REJECT] 孙静: REJECT: Character inconsistency (critical mass) — 孙静 is now fully coded as cafeteria staff (“孙姐!”, “冬瓜排骨再匀两勺!”, “灶膛”/“捅炭”/“汤才不糊”), complete with occupational vocabulary, seniority recognition (“孙姐”), and functional role (serving food, managing stove fire). This irreversibly contradicts the activity’s foundational constraint: both participants are *students*. No mechanism exists within the rules to retroactively recast her as staff—this would require exiting the joint activity and restarting with corrected roles. Continuing under this misalignment invalidates all prior turns and breaches world-model integrity. Further, “arm under book” and “red string” remain unexplained narrative props with no grounding in shared context—hallucinated continuity.
2026-07-17 09:33:03,026 [INFO] [VERIFY-JOINT-GIFTS] Recording 0 gift transactions for outcome
2026-07-17 09:33:03,026 [INFO] [VERIFY-JOINT-GIFTS] Recording 0 gift transactions for outcome
2026-07-17 09:33:03,026 [INFO] [VERIFY-JOINT-STEP1] ========== EVALUATE: GodModel evaluates all participants ==========
2026-07-17 09:33:03,026 [INFO] [VERIFY-JOINT-STEP1] ========== EVALUATE: GodModel evaluates all participants ==========
2026-07-17 09:33:03,026 [INFO] [VERIFY-JOINT-STEP1] Dialog turns: 39
2026-07-17 09:33:03,026 [INFO] [VERIFY-JOINT-STEP1] Dialog turns: 39
2026-07-17 09:33:07,532 [INFO] [VERIFY-JOINT-STEP1] Evaluation completed, 2 outcomes generated
2026-07-17 09:33:07,532 [INFO] [VERIFY-JOINT-STEP1] Evaluation completed, 2 outcomes generated
2026-07-17 09:33:07,532 [INFO] [VERIFY-JOINT-STEP1] 堀川凛: delta_vitality=1, delta_fulfillment={'mood': 5, 'social': 5, 'esteem': 2}, delta_skills={'environmental_observation': 2, 'value_clarification': 2}, items_sent=[], items_received=[]
2026-07-17 09:33:07,532 [INFO] [VERIFY-JOINT-STEP1] 堀川凛: delta_vitality=1, delta_fulfillment={'mood': 5, 'social': 5, 'esteem': 2}, delta_skills={'environmental_observation': 2, 'value_clarification': 2}, items_sent=[], items_received=[]
2026-07-17 09:33:07,533 [INFO] [VERIFY-JOINT-STEP1] 沐澈: delta_vitality=0, delta_fulfillment={'mood': 5, 'social': 5, 'esteem': 2}, delta_skills={'observation_and_analysis': 2, 'value_clarification': 2}, items_sent=[], items_received=[]
2026-07-17 09:33:07,533 [INFO] [VERIFY-JOINT-STEP1] 沐澈: delta_vitality=0, delta_fulfillment={'mood': 5, 'social': 5, 'esteem': 2}, delta_skills={'observation_and_analysis': 2, 'value_clarification': 2}, items_sent=[], items_received=[]
2026-07-17 09:33:07,533 [INFO] [VERIFY-JOINT-STEP2] ========== RECEIVE: each agent receives outcome ==========
2026-07-17 09:33:07,533 [INFO] [VERIFY-JOINT-STEP2] ========== RECEIVE: each agent receives outcome ==========
2026-07-17 09:33:07,533 [INFO] [VERIFY-JOINT-STEP2] 堀川凛 received outcome message
2026-07-17 09:33:07,533 [INFO] [VERIFY-JOINT-STEP2] 堀川凛 received outcome message
2026-07-17 09:33:07,533 [INFO] [VERIFY-JOINT-STEP2] 沐澈 received outcome message
2026-07-17 09:33:07,533 [INFO] [VERIFY-JOINT-STEP2] 沐澈 received outcome message
2026-07-17 09:33:07,533 [INFO] [VERIFY-JOINT-STEP3] ========== EXIT: generate summary ==========
2026-07-17 09:33:07,533 [INFO] [VERIFY-JOINT-STEP3] ========== EXIT: generate summary ==========
2026-07-17 09:33:10,583 [INFO] [VERIFY-JOINT-STEP3] 刘世刚 summary length: 230
2026-07-17 09:33:10,583 [INFO] [VERIFY-JOINT-STEP3] 刘世刚 summary length: 230
2026-07-17 09:33:10,583 [INFO] [VERIFY-JOINT-STEP3] 刘世刚 reflection length: 174
2026-07-17 09:33:10,583 [INFO] [VERIFY-JOINT-STEP3] 刘世刚 reflection length: 174
2026-07-17 09:33:11,223 [INFO] [VERIFY-REJECT] 程羲: REJECT: Character inconsistency (irreversible) — Despite nine turns of escalating deviation, 孙静 remains unambiguously established as cafeteria staff (“孙姐”, apron, stove metaphors, serving duties), while 程羲 behaves as a student interacting with authority—not peer. This violates the activity’s core constraint that both are *students* at 京海中学. No in-universe justification reconciles this: “孙姐” is a title of workplace seniority, not student nickname; “冬瓜排骨” is served *by* staff, not *to* peers in line. Continuing the scene under false premises collapses narrative coherence. Further, the private thought treats the interaction as intergenerational mentorship (“most solemn promise is a hair tie”), cementing role asymmetry incompatible with the setup. This is no longer misstep—it’s systemic failure of premise adherence.
2026-07-17 09:33:11,223 [INFO] [VERIFY-REJECT] 程羲: REJECT: Character inconsistency (irreversible) — Despite nine turns of escalating deviation, 孙静 remains unambiguously established as cafeteria staff (“孙姐”, apron, stove metaphors, serving duties), while 程羲 behaves as a student interacting with authority—not peer. This violates the activity’s core constraint that both are *students* at 京海中学. No in-universe justification reconciles this: “孙姐” is a title of workplace seniority, not student nickname; “冬瓜排骨” is served *by* staff, not *to* peers in line. Continuing the scene under false premises collapses narrative coherence. Further, the private thought treats the interaction as intergenerational mentorship (“most solemn promise is a hair tie”), cementing role asymmetry incompatible with the setup. This is no longer misstep—it’s systemic failure of premise adherence.
2026-07-17 09:33:13,516 [INFO] [VERIFY-JOINT-STEP3] 堀川凛 summary length: 684
2026-07-17 09:33:13,516 [INFO] [VERIFY-JOINT-STEP3] 堀川凛 summary length: 684
2026-07-17 09:33:13,516 [INFO] [VERIFY-JOINT-STEP3] 堀川凛 reflection length: 823
2026-07-17 09:33:13,516 [INFO] [VERIFY-JOINT-STEP3] 堀川凛 reflection length: 823
2026-07-17 09:33:17,000 [INFO] [VERIFY-JOINT-STEP3] 刘铭 summary length: 226
2026-07-17 09:33:17,000 [INFO] [VERIFY-JOINT-STEP3] 刘铭 summary length: 226
2026-07-17 09:33:17,000 [INFO] [VERIFY-JOINT-STEP3] 刘铭 reflection length: 192
2026-07-17 09:33:17,000 [INFO] [VERIFY-JOINT-STEP3] 刘铭 reflection length: 192
2026-07-17 09:33:17,000 [INFO] [VERIFY-JOINT-STEP4] ========== APPLY: apply state changes ==========
2026-07-17 09:33:17,000 [INFO] [VERIFY-JOINT-STEP4] ========== APPLY: apply state changes ==========
2026-07-17 09:33:17,001 [INFO] [VERIFY-JOINT-STEP4] Applied all changes for 刘世刚 (possessions=5, vitality_delta=-2)
2026-07-17 09:33:17,001 [INFO] [VERIFY-JOINT-STEP4] Applied all changes for 刘世刚 (possessions=5, vitality_delta=-2)
2026-07-17 09:33:17,001 [INFO] [VERIFY-JOINT-STEP4] Applied all changes for 刘铭 (possessions=4, vitality_delta=-3)
2026-07-17 09:33:17,001 [INFO] [VERIFY-JOINT-STEP4] Applied all changes for 刘铭 (possessions=4, vitality_delta=-3)
2026-07-17 09:33:17,001 [INFO] [VERIFY-JOINT-STEP5] ========== CONSISTENCY: verify state changes ==========
2026-07-17 09:33:17,001 [INFO] [VERIFY-JOINT-STEP5] ========== CONSISTENCY: verify state changes ==========
2026-07-17 09:33:17,001 [INFO] [VERIFY-JOINT-STEP5] 刘世刚 vitality delta verified: -2
2026-07-17 09:33:17,001 [INFO] [VERIFY-JOINT-STEP5] 刘世刚 vitality delta verified: -2
2026-07-17 09:33:17,001 [INFO] [VERIFY-JOINT-STEP5] 刘世刚 mood delta verified: 3
2026-07-17 09:33:17,001 [INFO] [VERIFY-JOINT-STEP5] 刘世刚 mood delta verified: 3
2026-07-17 09:33:17,001 [INFO] [VERIFY-JOINT-STEP5] 刘世刚 social delta verified: 5
2026-07-17 09:33:17,001 [INFO] [VERIFY-JOINT-STEP5] 刘世刚 social delta verified: 5
2026-07-17 09:33:17,001 [INFO] [VERIFY-JOINT-STEP5] 刘世刚 esteem delta verified: 2
2026-07-17 09:33:17,001 [INFO] [VERIFY-JOINT-STEP5] 刘世刚 esteem delta verified: 2
2026-07-17 09:33:17,001 [INFO] [VERIFY-JOINT-STEP5] 刘铭 vitality delta verified: -3
2026-07-17 09:33:17,001 [INFO] [VERIFY-JOINT-STEP5] 刘铭 vitality delta verified: -3
2026-07-17 09:33:17,001 [INFO] [VERIFY-JOINT-STEP5] 刘铭 mood delta verified: 4
2026-07-17 09:33:17,001 [INFO] [VERIFY-JOINT-STEP5] 刘铭 mood delta verified: 4
2026-07-17 09:33:17,001 [INFO] [VERIFY-JOINT-STEP5] 刘铭 social delta verified: 5
2026-07-17 09:33:17,001 [INFO] [VERIFY-JOINT-STEP5] 刘铭 social delta verified: 5
2026-07-17 09:33:17,001 [INFO] [VERIFY-JOINT-STEP5] 刘铭 esteem delta verified: 3
2026-07-17 09:33:17,001 [INFO] [VERIFY-JOINT-STEP5] 刘铭 esteem delta verified: 3
2026-07-17 09:33:17,001 [INFO] [VERIFY-JOINT-STEP6] ========== RECORD: save records ==========
2026-07-17 09:33:17,001 [INFO] [VERIFY-JOINT-STEP6] ========== RECORD: save records ==========
2026-07-17 09:33:17,002 [INFO] [VERIFY-JOINT-STEP6] Saved record for 刘世刚
2026-07-17 09:33:17,002 [INFO] [VERIFY-JOINT-STEP6] Saved record for 刘世刚
2026-07-17 09:33:17,003 [INFO] [VERIFY-JOINT-STEP6] Saved record for 刘铭
2026-07-17 09:33:17,003 [INFO] [VERIFY-JOINT-STEP6] Saved record for 刘铭
2026-07-17 09:33:17,003 [INFO] [VERIFY-JOINT] ========== Joint activity completed for all 2 participants ==========
2026-07-17 09:33:17,003 [INFO] [VERIFY-JOINT] ========== Joint activity completed for all 2 participants ==========
2026-07-17 09:33:17,003 [INFO] [VERIFY-JOINT] ========== Starting joint activity at Y2020-W01-activity-D2 ==========
2026-07-17 09:33:17,003 [INFO] [VERIFY-JOINT] ========== Starting joint activity at Y2020-W01-activity-D2 ==========
2026-07-17 09:33:17,003 [INFO] [VERIFY-JOINT] Activity: Encounter-李健-李峥, Location: 田径场看台东侧阶梯
2026-07-17 09:33:17,003 [INFO] [VERIFY-JOINT] Activity: Encounter-李健-李峥, Location: 田径场看台东侧阶梯
2026-07-17 09:33:17,003 [INFO] [VERIFY-JOINT] Participants: ['李健', '李峥']
2026-07-17 09:33:17,003 [INFO] [VERIFY-JOINT] Participants: ['李健', '李峥']
2026-07-17 09:33:17,003 [INFO] [VERIFY-JOINT] Proposer: None
2026-07-17 09:33:17,003 [INFO] [VERIFY-JOINT] Proposer: None
2026-07-17 09:33:17,003 [INFO] [VERIFY-JOINT-STATE] 李健 before: vitality=70, fulfillment={'mood': 45, 'material': 50, 'social': 44, 'esteem': 44}, possessions=5
2026-07-17 09:33:17,003 [INFO] [VERIFY-JOINT-STATE] 李健 before: vitality=70, fulfillment={'mood': 45, 'material': 50, 'social': 44, 'esteem': 44}, possessions=5
2026-07-17 09:33:17,004 [INFO] [VERIFY-JOINT-STATE] 李峥 before: vitality=70, fulfillment={'mood': 45, 'material': 50, 'social': 44, 'esteem': 44}, possessions=5
2026-07-17 09:33:17,004 [INFO] [VERIFY-JOINT-STATE] 李峥 before: vitality=70, fulfillment={'mood': 45, 'material': 50, 'social': 44, 'esteem': 44}, possessions=5
2026-07-17 09:33:19,742 [INFO] [VERIFY-JOINT-STEP3] 沐澈 summary length: 700
2026-07-17 09:33:19,742 [INFO] [VERIFY-JOINT-STEP3] 沐澈 summary length: 700
2026-07-17 09:33:19,742 [INFO] [VERIFY-JOINT-STEP3] 沐澈 reflection length: 728
2026-07-17 09:33:19,742 [INFO] [VERIFY-JOINT-STEP3] 沐澈 reflection length: 728
2026-07-17 09:33:19,742 [INFO] [VERIFY-JOINT-STEP4] ========== APPLY: apply state changes ==========
2026-07-17 09:33:19,742 [INFO] [VERIFY-JOINT-STEP4] ========== APPLY: apply state changes ==========
2026-07-17 09:33:19,743 [INFO] [VERIFY-JOINT-STEP4] Applied all changes for 堀川凛 (possessions=5, vitality_delta=1)
2026-07-17 09:33:19,743 [INFO] [VERIFY-JOINT-STEP4] Applied all changes for 堀川凛 (possessions=5, vitality_delta=1)
2026-07-17 09:33:19,743 [INFO] [VERIFY-JOINT-STEP4] Applied all changes for 沐澈 (possessions=5, vitality_delta=0)
2026-07-17 09:33:19,743 [INFO] [VERIFY-JOINT-STEP4] Applied all changes for 沐澈 (possessions=5, vitality_delta=0)
2026-07-17 09:33:19,743 [INFO] [VERIFY-JOINT-STEP5] ========== CONSISTENCY: verify state changes ==========
2026-07-17 09:33:19,743 [INFO] [VERIFY-JOINT-STEP5] ========== CONSISTENCY: verify state changes ==========
2026-07-17 09:33:19,743 [INFO] [VERIFY-JOINT-STEP5] 堀川凛 vitality delta verified: 1
2026-07-17 09:33:19,743 [INFO] [VERIFY-JOINT-STEP5] 堀川凛 vitality delta verified: 1
2026-07-17 09:33:19,743 [INFO] [VERIFY-JOINT-STEP5] 堀川凛 mood delta verified: 5
2026-07-17 09:33:19,743 [INFO] [VERIFY-JOINT-STEP5] 堀川凛 mood delta verified: 5
2026-07-17 09:33:19,743 [INFO] [VERIFY-JOINT-STEP5] 堀川凛 social delta verified: 5
2026-07-17 09:33:19,743 [INFO] [VERIFY-JOINT-STEP5] 堀川凛 social delta verified: 5
2026-07-17 09:33:19,743 [INFO] [VERIFY-JOINT-STEP5] 堀川凛 esteem delta verified: 2
2026-07-17 09:33:19,743 [INFO] [VERIFY-JOINT-STEP5] 堀川凛 esteem delta verified: 2
2026-07-17 09:33:19,743 [INFO] [VERIFY-JOINT-STEP5] 沐澈 vitality delta verified: 0
2026-07-17 09:33:19,743 [INFO] [VERIFY-JOINT-STEP5] 沐澈 vitality delta verified: 0
2026-07-17 09:33:19,743 [INFO] [VERIFY-JOINT-STEP5] 沐澈 mood delta verified: 5
2026-07-17 09:33:19,743 [INFO] [VERIFY-JOINT-STEP5] 沐澈 mood delta verified: 5
2026-07-17 09:33:19,743 [INFO] [VERIFY-JOINT-STEP5] 沐澈 social delta verified: 5
2026-07-17 09:33:19,743 [INFO] [VERIFY-JOINT-STEP5] 沐澈 social delta verified: 5
2026-07-17 09:33:19,743 [INFO] [VERIFY-JOINT-STEP5] 沐澈 esteem delta verified: 2
2026-07-17 09:33:19,743 [INFO] [VERIFY-JOINT-STEP5] 沐澈 esteem delta verified: 2
2026-07-17 09:33:19,743 [INFO] [VERIFY-JOINT-STEP6] ========== RECORD: save records ==========
2026-07-17 09:33:19,743 [INFO] [VERIFY-JOINT-STEP6] ========== RECORD: save records ==========
2026-07-17 09:33:19,744 [INFO] [VERIFY-JOINT-STEP6] Saved record for 堀川凛
2026-07-17 09:33:19,744 [INFO] [VERIFY-JOINT-STEP6] Saved record for 堀川凛
2026-07-17 09:33:19,744 [INFO] [VERIFY-JOINT-STEP6] Saved record for 沐澈
2026-07-17 09:33:19,744 [INFO] [VERIFY-JOINT-STEP6] Saved record for 沐澈
2026-07-17 09:33:19,744 [INFO] [VERIFY-JOINT] ========== Joint activity completed for all 2 participants ==========
2026-07-17 09:33:19,744 [INFO] [VERIFY-JOINT] ========== Joint activity completed for all 2 participants ==========
2026-07-17 09:33:19,744 [INFO] [VERIFY-JOINT] ========== Starting joint activity at Y2020-W01-activity-D2 ==========
2026-07-17 09:33:19,744 [INFO] [VERIFY-JOINT] ========== Starting joint activity at Y2020-W01-activity-D2 ==========
2026-07-17 09:33:19,745 [INFO] [VERIFY-JOINT] Activity: Encounter-杰-江若晚, Location: 校内小花园凉亭
2026-07-17 09:33:19,745 [INFO] [VERIFY-JOINT] Activity: Encounter-杰-江若晚, Location: 校内小花园凉亭
2026-07-17 09:33:19,745 [INFO] [VERIFY-JOINT] Participants: ['杰', '江若晚']
2026-07-17 09:33:19,745 [INFO] [VERIFY-JOINT] Participants: ['杰', '江若晚']
2026-07-17 09:33:19,745 [INFO] [VERIFY-JOINT] Proposer: None
2026-07-17 09:33:19,745 [INFO] [VERIFY-JOINT] Proposer: None
2026-07-17 09:33:19,745 [INFO] [VERIFY-JOINT-STATE] 杰 before: vitality=68, fulfillment={'mood': 44, 'material': 50, 'social': 44, 'esteem': 43.5}, possessions=5
2026-07-17 09:33:19,745 [INFO] [VERIFY-JOINT-STATE] 杰 before: vitality=68, fulfillment={'mood': 44, 'material': 50, 'social': 44, 'esteem': 43.5}, possessions=5
2026-07-17 09:33:19,745 [INFO] [VERIFY-JOINT-STATE] 江若晚 before: vitality=70, fulfillment={'mood': 45, 'material': 50, 'social': 45, 'esteem': 44}, possessions=5
2026-07-17 09:33:19,745 [INFO] [VERIFY-JOINT-STATE] 江若晚 before: vitality=70, fulfillment={'mood': 45, 'material': 50, 'social': 45, 'esteem': 44}, possessions=5
2026-07-17 09:33:22,007 [INFO] [VERIFY-REJECT] 孙静: REJECT: Character inconsistency (terminal) — 孙静’s identity is now fully and irrevocably that of cafeteria staff: “孙姐”, apron, decades-old keepsake (“twenty years ago”), occupational metaphors (“stove-side”, “hands steady”), and functional authority (serving, steaming, commanding soup volume). This contradicts the immutable premise: *both are students*. No revision within current turn can retroactively align this. Continuing violates world-model integrity. Per activity rules, after ≥5 turns but ≤20, and given persistent, unrecoverable role violation, termination is required.
2026-07-17 09:33:22,007 [INFO] [VERIFY-REJECT] 孙静: REJECT: Character inconsistency (terminal) — 孙静’s identity is now fully and irrevocably that of cafeteria staff: “孙姐”, apron, decades-old keepsake (“twenty years ago”), occupational metaphors (“stove-side”, “hands steady”), and functional authority (serving, steaming, commanding soup volume). This contradicts the immutable premise: *both are students*. No revision within current turn can retroactively align this. Continuing violates world-model integrity. Per activity rules, after ≥5 turns but ≤20, and given persistent, unrecoverable role violation, termination is required.
2026-07-17 09:33:36,226 [INFO] [VERIFY-REJECT] 程羲: REJECT: Character inconsistency (final confirmation) — “孙阿姨” persists unchallenged across *eleven turns*, despite repeated verification failures. 程羲’s closing line — “I’ll bring *her* lunchbox tomorrow” — presumes ongoing caregiver role and institutional access (entering kitchen area, handling staff-serving items), which a student lacks without staff authorization. Combined with continued framing of 孙静 as elder authority (“孙姐”, apron, decades-old keepsake), this confirms irreversible premise collapse. Per rules: activity must end when foundational constraints are unrecoverably violated. This exceeds 5 turns and fails recovery; termination is mandatory.
2026-07-17 09:33:36,226 [INFO] [VERIFY-REJECT] 程羲: REJECT: Character inconsistency (final confirmation) — “孙阿姨” persists unchallenged across *eleven turns*, despite repeated verification failures. 程羲’s closing line — “I’ll bring *her* lunchbox tomorrow” — presumes ongoing caregiver role and institutional access (entering kitchen area, handling staff-serving items), which a student lacks without staff authorization. Combined with continued framing of 孙静 as elder authority (“孙姐”, apron, decades-old keepsake), this confirms irreversible premise collapse. Per rules: activity must end when foundational constraints are unrecoverably violated. This exceeds 5 turns and fails recovery; termination is mandatory.
2026-07-17 09:33:47,169 [INFO] [VERIFY-REJECT] 孙静: REJECT: Character inconsistency (conclusive) — 孙静 is now canonically *staff*: “孙姐”, “花白鬓角”, “decades-old keepsake” (implied by prior turns), apron, stove mastery, and institutional authority (“I’ll blanch extra soup”, “leave the bento box here”). 程羲’s role as student delivering *another’s* lunchbox to staff further cements hierarchy—not peer interaction. This violates the activity’s foundational constraint *beyond repair*. Eleven turns have passed with no course correction; continuing would normalize canonical breach. Per rules: terminate.
2026-07-17 09:33:47,169 [INFO] [VERIFY-REJECT] 孙静: REJECT: Character inconsistency (conclusive) — 孙静 is now canonically *staff*: “孙姐”, “花白鬓角”, “decades-old keepsake” (implied by prior turns), apron, stove mastery, and institutional authority (“I’ll blanch extra soup”, “leave the bento box here”). 程羲’s role as student delivering *another’s* lunchbox to staff further cements hierarchy—not peer interaction. This violates the activity’s foundational constraint *beyond repair*. Eleven turns have passed with no course correction; continuing would normalize canonical breach. Per rules: terminate.
2026-07-17 09:33:48,958 [INFO] [VERIFY-JOINT-GIFTS] Recording 0 gift transactions for outcome
2026-07-17 09:33:48,958 [INFO] [VERIFY-JOINT-GIFTS] Recording 0 gift transactions for outcome
2026-07-17 09:33:48,958 [INFO] [VERIFY-JOINT-STEP1] ========== EVALUATE: GodModel evaluates all participants ==========
2026-07-17 09:33:48,958 [INFO] [VERIFY-JOINT-STEP1] ========== EVALUATE: GodModel evaluates all participants ==========
2026-07-17 09:33:48,958 [INFO] [VERIFY-JOINT-STEP1] Dialog turns: 39
2026-07-17 09:33:48,958 [INFO] [VERIFY-JOINT-STEP1] Dialog turns: 39
